1001474	aspirin 325 MG [Ecpirin]
1001475	aspirin Delayed Release Oral Tablet [Ecpirin]
1001476	aspirin 325 MG Delayed Release Oral Tablet [Ecpirin]
1006995	aluminum hydroxide / aspirin / caffeine
1007237	antipyrine / caffeine
1007410	carisoprodol / ibuprofen
1007815	acetaminophen / caffeine / salicylic acid
1007853	caffeine / salicylamide / salicylic acid
1008006	aspirin / caffeine / magnesium salicylate
1008452	carisoprodol / diclofenac
1008561	acetaminophen / naproxen
1008791	aspirin / caffeine / magnesium carbonate / magnesium salicylate
1008935	acetaminophen / ketoprofen
1013857	Little Fevers
1041527	Ofirmev
1041528	acetaminophen 10 MG/ML [Ofirmev]
1041530	100 ML acetaminophen 10 MG/ML Injection [Ofirmev]
1043478	diclofenac sodium 10 MG/ML
1043479	diclofenac sodium 10 MG/ML Topical Cream
1043481	diclofenac sodium 10 MG/ML [Surpass Anti-Inflammatory]
1043482	diclofenac Topical Cream [Surpass Anti-Inflammatory]
1043483	diclofenac sodium 10 MG/ML Topical Cream [Surpass Anti-Inflammatory]
1048904	acetaminophen 32 MG/ML [Little Fevers]
104899	aspirin 300 MG Delayed Release Oral Tablet
104906	acetaminophen 24 MG/ML Oral Solution
104908	acetaminophen 500 MG / methionine 250 MG Oral Tablet
1052413	Pamprin Max Formula
1052414	acetaminophen 250 MG / aspirin 250 MG / caffeine 65 MG [Pamprin Max Formula]
1052415	acetaminophen / aspirin / caffeine Oral Tablet [Pamprin Max Formula]
1052416	acetaminophen 250 MG / aspirin 250 MG / caffeine 65 MG Oral Tablet [Pamprin Max Formula]
1052677	aspirin Delayed Release Oral Tablet [Miniprin]
1053324	Stanback Headache Powder Reformulated Jan 2011
1053325	aspirin 845 MG / caffeine 65 MG [Stanback Headache Powder Reformulated Jan 2011]
1053326	aspirin / caffeine Oral Powder [Stanback Headache Powder Reformulated Jan 2011]
1053327	aspirin 845 MG / caffeine 65 MG Oral Powder [Stanback Headache Powder Reformulated Jan 2011]
105898	naproxen 250 MG Oral Tablet [Naprosyn]
105899	naproxen 500 MG Oral Tablet [Naprosyn]
105918	naproxen 250 MG Delayed Release Oral Tablet
105929	piroxicam 10 MG Oral Capsule [Feldene]
105930	piroxicam 20 MG Oral Capsule [Feldene]
105999	ketoprofen 0.025 MG/MG Topical Gel
106814	acetaminophen 450 MG / caffeine 30 MG Oral Tablet
106815	acetaminophen 450 MG / caffeine 25 MG Oral Tablet
106818	acetaminophen 5 MG/ML / caffeine 0.65 MG/ML Oral Solution
106821	acetaminophen 150 MG / sodium salicylate 100 MG Oral Tablet
108038	acetaminophen / caffeine
1087679	acetaminophen / butalbital Oral Tablet [Tencon]
1100002	CounterAct Pain
1100003	acetaminophen 500 MG [CounterAct Pain]
1100004	acetaminophen Oral Tablet [CounterAct Pain]
1100005	acetaminophen 500 MG Oral Tablet [CounterAct Pain]
1100905	acetaminophen 325 MG / butalbital 50 MG / caffeine 40 MG [Capacet]
1100906	acetaminophen / butalbital / caffeine Oral Capsule [Capacet]
1100907	acetaminophen 325 MG / butalbital 50 MG / caffeine 40 MG Oral Capsule [Capacet]
1101342	Nortemp
1101343	acetaminophen 100 MG/ML [Nortemp]
1101344	acetaminophen Oral Solution [Nortemp]
1101345	acetaminophen 100 MG/ML Oral Solution [Nortemp]
1101753	acetaminophen 194 MG / aspirin 227 MG / caffeine 33 MG [Vanquish]
1101754	acetaminophen 194 MG / aspirin 227 MG / caffeine 33 MG Oral Tablet [Vanquish]
1101916	Counteract IB
1101919	ibuprofen 200 MG Oral Tablet [Counteract IB]
1112231	naproxen sodium 220 MG Oral Capsule
1112232	naproxen Oral Capsule [Aleve]
1112233	naproxen sodium 220 MG Oral Capsule [Aleve]
1116320	24 HR naproxen 375 MG Extended Release Oral Tablet
1116330	naproxen 375 MG [Naprelan]
1116331	24 HR naproxen 375 MG Extended Release Oral Tablet [Naprelan]
1116339	24 HR naproxen 500 MG Extended Release Oral Tablet
1116340	naproxen 500 MG [Naprelan]
1116341	24 HR naproxen 500 MG Extended Release Oral Tablet [Naprelan]
1116349	24 HR naproxen 750 MG Extended Release Oral Tablet
1116350	naproxen 750 MG [Naprelan]
1116351	24 HR naproxen 750 MG Extended Release Oral Tablet [Naprelan]
1144912	acetaminophen 16.7 MG/ML
1145940	acetaminophen 500 MG / caffeine 65 MG [Sedalmex]
1145941	acetaminophen / caffeine Oral Tablet [Sedalmex]
1145942	acetaminophen 500 MG / caffeine 65 MG Oral Tablet [Sedalmex]
1148399	8 HR acetaminophen 650 MG Extended Release Oral Tablet
1151149	diclofenac Injectable Product
1151151	diclofenac Oral Liquid Product
1151152	diclofenac Oral Product
1151153	diclofenac Pill
1151154	diclofenac Rectal Product
1151155	diclofenac Topical Product
1151551	acetaminophen / ibuprofen Oral Liquid Product
1151552	acetaminophen / ibuprofen Oral Product
1151553	acetaminophen / ibuprofen Pill
1151571	acetaminophen / methionine Oral Product
1151572	acetaminophen / methionine Pill
1152226	acetaminophen / salicylic acid Oral Product
1152227	acetaminophen / salicylic acid Pill
1152254	acetaminophen / butalbital / caffeine Oral Liquid Product
1152255	acetaminophen / butalbital / caffeine Oral Product
1152256	acetaminophen / butalbital / caffeine Pill
1152259	acetaminophen / butalbital Oral Product
1152260	acetaminophen / butalbital Pill
1152836	acetaminophen / salicylamide Oral Product
1152837	acetaminophen / salicylamide Pill
1152840	acetaminophen Injectable Product
1152841	acetaminophen Oral Liquid Product
1152842	acetaminophen Oral Product
1152843	acetaminophen Pill
1152844	acetaminophen Rectal Product
1153519	aspirin / caffeine / magnesium carbonate / magnesium salicylate Oral Product
1153520	aspirin / caffeine / magnesium carbonate / magnesium salicylate Pill
1153522	aspirin / caffeine / salicylamide Oral Product
1153523	aspirin / caffeine / salicylamide Pill
1153525	aspirin / caffeine Oral Product
1153526	aspirin / caffeine Pill
1153531	aspirin / carisoprodol Oral Product
1153532	aspirin / carisoprodol Pill
1153743	aspirin / methocarbamol Oral Product
1153744	aspirin / methocarbamol Pill
1153987	acetaminophen / aspirin / caffeine / salicylamide Oral Product
1153988	acetaminophen / aspirin / caffeine / salicylamide Pill
1154060	aspirin / butalbital / caffeine Oral Product
1154061	aspirin / butalbital / caffeine Pill
1154068	aspirin Oral Liquid Product
1154069	aspirin Oral Product
1154070	aspirin Pill
1154257	acetaminophen / aspirin / caffeine Oral Product
1154258	acetaminophen / aspirin / caffeine Pill
1154265	acetaminophen / aspirin Oral Product
1154266	acetaminophen / aspirin Pill
1154578	acetaminophen / caffeine / magnesium salicylate Oral Product
1154579	acetaminophen / caffeine / magnesium salicylate Pill
1154883	acetaminophen / caffeine Oral Liquid Product
1154884	acetaminophen / caffeine Oral Product
1154885	acetaminophen / caffeine Pill
1156275	ibuprofen Injectable Product
1157005	naproxen / sumatriptan Oral Product
1157512	naproxen / sumatriptan Pill
1157516	naproxen Oral Liquid Product
1157517	naproxen Oral Product
1157518	naproxen Pill
1157519	naproxen Rectal Product
1157924	etodolac Oral Product
1157925	etodolac Pill
1159045	fenoprofen Oral Product
1159046	fenoprofen Pill
1159180	meclofenamate Oral Product
1159181	meclofenamate Pill
1159304	piroxicam Oral Product
1159305	piroxicam Pill
1160012	benorilate Oral Liquid Product
1160013	benorilate Oral Product
1160014	benorilate Pill
1160961	ketoprofen Oral Product
1160962	ketoprofen Pill
1160965	ketorolac Inhalant Product
1160966	ketorolac Injectable Product
1160969	ketorolac Oral Product
1160970	ketorolac Pill
1161223	celecoxib Oral Product
1161224	celecoxib Pill
1161453	flurbiprofen Oral Product
1161454	flurbiprofen Pill
1164523	esomeprazole / naproxen Oral Product
1164524	esomeprazole / naproxen Pill
1165267	ziconotide Injectable Product
1165678	meloxicam Oral Product
1165679	meloxicam Pill
1166198	Celebrex Oral Product
1166199	Celebrex Pill
1168402	Acephen Rectal Product
1168628	Bayer Aspirin Oral Product
1168631	Bayer Aspirin Pill
1168634	Bayer Back and Body Pain Oral Product
1168635	Bayer Back and Body Pain Pill
1168674	Bufferin Oral Product
1168675	Bufferin Pill
1168683	Bupap Oral Product
1168684	Bupap Pill
1169035	Flector Topical Product
1171657	CounterAct Pain Oral Product
1171658	CounterAct Pain Pill
1172242	Caldolor Injectable Product
1172293	Cambia Oral Product
1172519	Ecpirin Oral Product
1172520	Ecpirin Pill
1172555	Excedrin Back & Body Oral Product
1172556	Excedrin Back & Body Pill
1172559	Excedrin Oral Product
1172562	Excedrin Pill
1173313	Frenadol Oral Product
1173314	Frenadol Pill
1174224	Anacin AF Oral Product
1174225	Anacin AF Pill
1174226	Anacin Advanced Headache Formula Oral Product
1174227	Anacin Advanced Headache Formula Pill
1174228	Anacin Aspirin Regimen Oral Product
1174229	Anacin Aspirin Regimen Pill
1174230	Anacin Oral Product
1174233	Anacin Pill
1174929	Anaprox Oral Product
1174930	Anaprox Pill
1175502	Aleve Oral Product
1175503	Aleve Pill
1176007	Feldene Oral Product
1176009	Feldene Pill
1176384	Cataflam Oral Product
1176385	Cataflam Pill
1176829	Ansaid Oral Product
1176830	Ansaid Pill
1177581	Norwich Aspirin Oral Product
1177582	Norwich Aspirin Pill
1177642	P-A-C Analgesic Oral Product
1177643	P-A-C Analgesic Pill
1177779	Sprix Inhalant Product
1178231	Prialt Injectable Product
1178414	Stanback Headache Powder Reformulated Jan 2011 Oral Product
1178732	Nalfon Oral Product
1178733	Nalfon Pill
1178761	Naprelan Oral Product
1178762	Naprelan Pill
1179157	Lodine Oral Product
1179158	Lodine Pill
1179303	Naprosyn Oral Liquid Product
1179304	Naprosyn Oral Product
1179305	Naprosyn Pill
1179446	Pamprin Max Formula Oral Product
1179447	Pamprin Max Formula Pill
1179685	Treximet Oral Product
1179686	Treximet Pill
1181027	Marten-Tab Oral Product
1181028	Marten-Tab Pill
1181062	Mobic Oral Product
1181063	Mobic Pill
1181444	Tencon Oral Product
1181445	Tencon Pill
1184581	Pennsaid Topical Product
1184781	Saleto Oral Product
1184782	Saleto Pill
1184815	Solaraze Topical Product
1184899	Surpass Anti-Inflammatory Topical Product
1186604	Vimovo Oral Product
1186607	Vimovo Pill
1187310	Tylenol Oral Liquid Product
1187311	Tylenol Oral Product
1187315	Tylenol Pill
1187421	Voltaren Topical Product
1187555	Vanquish Oral Product
1187556	Vanquish Pill
1187666	Zipsor Oral Product
1187667	Zipsor Pill
1187796	Wal-Proxen Oral Product
1187797	Wal-Proxen Pill
1191	aspirin
1234844	diclofenac sodium 25 MG Delayed Release Oral Capsule
1234853	diclofenac sodium 50 MG Delayed Release Oral Capsule
1235457	Ringl
1235458	acetaminophen 325 MG [Ringl]
1235459	acetaminophen Oral Tablet [Ringl]
1235462	acetaminophen 325 MG Oral Tablet [Ringl]
1242746	acetaminophen 162.5 MG
1243439	8 HR acetaminophen 650 MG Extended Release Oral Tablet [Mapap]
1243440	8 HR acetaminophen 650 MG Extended Release Oral Tablet [Tylenol]
1247393	BC Arthritis
1247394	aspirin 1000 MG / caffeine 65 MG [BC Arthritis]
1247395	aspirin / caffeine Oral Powder [BC Arthritis]
1247396	BC Arthritis Oral Product
1247397	aspirin 1000 MG / caffeine 65 MG Oral Powder [BC Arthritis]
1247398	BC Original Formula
1247399	aspirin 845 MG / caffeine 65 MG [BC Original Formula]
1247400	aspirin / caffeine Oral Powder [BC Original Formula]
1247401	BC Original Formula Oral Product
1247402	aspirin 845 MG / caffeine 65 MG Oral Powder [BC Original Formula]
1249617	acetaminophen 300 MG / butalbital 50 MG Oral Tablet
1293937	Pharbetol
1293938	acetaminophen 500 MG [Pharbetol]
1293939	acetaminophen Oral Tablet [Pharbetol]
1293942	acetaminophen 500 MG Oral Tablet [Pharbetol]
1294726	acetaminophen / caffeine Disintegrating Oral Product
1294760	acetaminophen / aspirin Oral Powder Product
1294849	aspirin / caffeine Oral Powder Product
1294852	acetaminophen Granule Product
1294958	acetaminophen Disintegrating Oral Product
1295251	acetaminophen / aspirin / caffeine Oral Powder Product
1295296	aspirin / caffeine / salicylamide Oral Powder Product
1295535	acetaminophen Chewable Product
1295715	aspirin Disintegrating Oral Product
1295740	aspirin Oral Powder Product
1295836	BC Arthritis Oral Powder Product
1296526	Tylenol Chewable Product
1296554	BC Original Formula Oral Powder Product
1297128	Stanback Headache Powder Reformulated Jan 2011 Oral Powder Product
1297834	Bayer Headache Relief
1297835	aspirin 500 MG / caffeine 32.5 MG [Bayer Headache Relief]
1297837	Bayer Headache Relief Oral Product
1297838	Bayer Headache Relief Pill
1298829	acetaminophen 325 MG [Pharbetol]
1298830	acetaminophen 325 MG Oral Tablet [Pharbetol]
1300262	Proprinal
1300267	ibuprofen 200 MG Oral Tablet [Proprinal]
1301881	acetaminophen Oral Suspension [Little Fevers]
1301882	acetaminophen 32 MG/ML Oral Suspension [Little Fevers]
1303154	Arthriten Inflammatory Pain
1303155	acetaminophen 250 MG / aspirin 250 MG / caffeine 65 MG [Arthriten Inflammatory Pain]
1303156	acetaminophen / aspirin / caffeine Oral Tablet [Arthriten Inflammatory Pain]
1303157	Arthriten Inflammatory Pain Oral Product
1303158	Arthriten Inflammatory Pain Pill
1303159	acetaminophen 250 MG / aspirin 250 MG / caffeine 65 MG Oral Tablet [Arthriten Inflammatory Pain]
1304214	aspirin / caffeine Oral Tablet [Bayer Headache Relief]
1304215	aspirin 500 MG / caffeine 32.5 MG Oral Tablet [Bayer Headache Relief]
135123	Flector
1358830	Cetafen
1358831	acetaminophen 500 MG [Cetafen]
1358832	acetaminophen Oral Tablet [Cetafen]
1358833	Cetafen Oral Product
1358834	Cetafen Pill
1358835	acetaminophen 500 MG Oral Tablet [Cetafen]
1358836	acetaminophen 325 MG [Cetafen]
1358837	acetaminophen 325 MG Oral Tablet [Cetafen]
1358848	Exaprin
1358849	acetaminophen 110 MG / aspirin 162 MG / caffeine 32.4 MG / salicylamide 152 MG [Exaprin]
1358850	acetaminophen / aspirin / caffeine / salicylamide Oral Tablet [Exaprin]
1358851	Exaprin Oral Product
1358852	Exaprin Pill
1358853	acetaminophen 110 MG / aspirin 162 MG / caffeine 32.4 MG / salicylamide 152 MG Oral Tablet [Exaprin]
1361397	Backaid IPF
1361398	acetaminophen 250 MG / aspirin 250 MG / caffeine 65 MG [Backaid IPF]
1361399	acetaminophen / aspirin / caffeine Oral Tablet [Backaid IPF]
1361400	Backaid IPF Oral Product
1361401	Backaid IPF Pill
1361402	acetaminophen 250 MG / aspirin 250 MG / caffeine 65 MG Oral Tablet [Backaid IPF]
1370285	acetaminophen 16.7 MG/ML / caffeine 1.08 MG/ML Oral Solution
1372	benorilate
1372705	Vimovo
140587	celecoxib
142442	naproxen sodium
1428621	acetaminophen 300 MG / butalbital 50 MG [Bupap]
1428622	acetaminophen 300 MG / butalbital 50 MG Oral Tablet [Bupap]
1432259	acetaminophen 300 MG / butalbital 50 MG / caffeine 40 MG [Fioricet]
1432260	acetaminophen / butalbital / caffeine Oral Capsule [Fioricet]
1432261	acetaminophen 300 MG / butalbital 50 MG / caffeine 40 MG Oral Capsule [Fioricet]
1442115	diclofenac 18 MG
1442116	diclofenac 18 MG Oral Capsule
1442117	Zorvolex
1442118	diclofenac 18 MG [Zorvolex]
1442119	diclofenac Oral Capsule [Zorvolex]
1442120	Zorvolex Oral Product
1442121	Zorvolex Pill
1442122	diclofenac 18 MG Oral Capsule [Zorvolex]
1442127	diclofenac 35 MG
1442128	diclofenac 35 MG Oral Capsule
1442129	diclofenac 35 MG [Zorvolex]
1442130	diclofenac 35 MG Oral Capsule [Zorvolex]
1483329	acetaminophen 325 MG / butalbital 50 MG Oral Tablet [Tencon]
1487073	diclofenac sodium 20 MG/ML
1487074	diclofenac sodium 20 MG/ML Topical Solution
1487075	diclofenac sodium 20 MG/ML [Pennsaid]
1487076	diclofenac sodium 20 MG/ML Topical Solution [Pennsaid]
1487250	acetaminophen 325 MG / butalbital 50 MG / caffeine 40 MG [Zebutal]
1487251	acetaminophen 325 MG / butalbital 50 MG / caffeine 40 MG Oral Capsule [Zebutal]
1491525	Tivorbex Oral Product
152596	acetaminophen 500 MG / methionine 100 MG Oral Tablet
152620	acetaminophen 240 MG Rectal Suppository
152695	meloxicam 15 MG Oral Tablet
152697	meloxicam 7.5 MG Oral Tablet [Mobic]
152698	meloxicam 15 MG Oral Tablet [Mobic]
152699	Mobic
153010	Advil
1536814	aspirin / caffeine Effervescent Oral Tablet
1536815	aspirin 500 MG / caffeine 65 MG Effervescent Oral Tablet
1536833	aspirin 500 MG / citric acid 1000 MG / sodium bicarbonate 1985 MG Effervescent Oral Tablet
1536879	acetaminophen Effervescent Oral Tablet
1536880	acetaminophen 500 MG Effervescent Oral Tablet
1537019	aspirin 500 MG / caffeine 60 MG Effervescent Oral Tablet
1537020	aspirin Effervescent Oral Tablet
1540225	ketorolac 2.88 MG/ML
1543070	acetaminophen / caffeine Oral Powder Product
1543071	acetaminophen / caffeine Oral Powder
1543072	acetaminophen 650 MG / caffeine 50 MG Oral Powder
1551477	ketoprofen 100 MG/ML Injectable Solution
1591929	Excedrin Mild Headache
1591930	acetaminophen 325 MG / caffeine 65 MG [Excedrin Mild Headache]
1591931	acetaminophen / caffeine Oral Tablet [Excedrin Mild Headache]
1591932	Excedrin Mild Headache Oral Product
1591933	Excedrin Mild Headache Pill
1591934	acetaminophen 325 MG / caffeine 65 MG Oral Tablet [Excedrin Mild Headache]
1596107	acetaminophen 320.5 MG
1600382	diclofenac sodium 10 MG/ML / fluorouracil 50 MG/ML Topical Cream
1608796	naproxen 200 MG
1608797	naproxen 200 MG Oral Tablet
161	acetaminophen
1648580	acetaminophen 21.7 MG/ML / butalbital 3.33 MG/ML / caffeine 2.67 MG/ML [Vanatol]
1648581	acetaminophen / butalbital / caffeine Oral Solution [Vanatol]
1648584	acetaminophen 21.7 MG/ML / butalbital 3.33 MG/ML / caffeine 2.67 MG/ML Oral Solution [Vanatol]
1661683	acetaminophen 16.7 MG/ML Oral Solution
1665000	ketorolac Injection
1665459	2 ML ketorolac tromethamine 30 MG/ML Injection
1665461	1 ML ketorolac tromethamine 30 MG/ML Injection
1665674	ketorolac Cartridge
1665675	1 ML ketorolac tromethamine 15 MG/ML Cartridge
1665679	1 ML ketorolac tromethamine 30 MG/ML Cartridge
1665682	2 ML ketorolac tromethamine 30 MG/ML Cartridge
1722348	meloxicam 5 MG
1722349	meloxicam 5 MG Oral Capsule
1722350	Vivlodex
1722351	meloxicam 5 MG [Vivlodex]
1722352	meloxicam Oral Capsule [Vivlodex]
1722353	Vivlodex Oral Product
1722354	Vivlodex Pill
1722355	meloxicam 5 MG Oral Capsule [Vivlodex]
1722356	meloxicam 10 MG
1722357	meloxicam 10 MG Oral Capsule
1722358	meloxicam 10 MG [Vivlodex]
1722359	meloxicam 10 MG Oral Capsule [Vivlodex]
1724445	butalbital 25 MG
1724446	acetaminophen 325 MG / butalbital 25 MG Oral Tablet
1738138	acetaminophen Oral Capsule [Tylenol]
1738139	acetaminophen 325 MG Oral Capsule [Tylenol]
1738346	ziconotide Injection
1738348	ziconotide Injection [Prialt]
1738353	1 ML ziconotide acetate 0.1 MG/ML Injection
1738354	1 ML ziconotide acetate 0.1 MG/ML Injection [Prialt]
1738357	5 ML ziconotide acetate 0.1 MG/ML Injection
1738358	5 ML ziconotide acetate 0.1 MG/ML Injection [Prialt]
1742547	ziconotide acetate 0.025 MG/ML
1742549	ziconotide acetate 0.025 MG/ML [Prialt]
1742553	ziconotide acetate 0.1 MG/ML
1742555	ziconotide acetate 0.1 MG/ML [Prialt]
1747293	ibuprofen Injection
1791362	ibuprofen Injection [Caldolor]
1792845	diclofenac epolamine 0.013 MG/MG
1792846	diclofenac Medicated Patch
1792848	diclofenac epolamine 0.013 MG/MG [Flector]
1792849	diclofenac Medicated Patch [Flector]
1797854	ketorolac Metered Dose Nasal Spray
1797855	ketorolac tromethamine 15.8 MG/ACTUAT Metered Dose Nasal Spray
1797856	ketorolac Metered Dose Nasal Spray [Sprix]
1797857	ketorolac tromethamine 15.8 MG/ACTUAT Metered Dose Nasal Spray [Sprix]
1799318	Fenortho
1799320	fenoprofen Oral Capsule [Fenortho]
1799321	Fenortho Oral Product
1799322	Fenortho Pill
1799324	fenoprofen 200 MG [Fenortho]
1799325	fenoprofen 200 MG Oral Capsule [Fenortho]
1801234	ketorolac Nasal Product
1801261	Sprix Nasal Product
1803956	acetaminophen Injection
1803958	acetaminophen Injection [Ofirmev]
1856553	diclofenac Oral Powder Product
1856554	diclofenac Powder for Oral Solution
1856556	diclofenac potassium 50 MG [Cambia]
1856557	diclofenac Powder for Oral Solution [Cambia]
1856558	Cambia Oral Powder Product
1866139	acetaminophen 500 MG / caffeine 65 MG [Sed-Max]
1866140	acetaminophen / caffeine Oral Tablet [Sed-Max]
1866143	acetaminophen 500 MG / caffeine 65 MG Oral Tablet [Sed-Max]
1872071	acetaminophen 500 MG / caffeine 65 MG [Panadol Extra]
1872072	acetaminophen / caffeine Oral Tablet [Panadol Extra]
1872075	acetaminophen 500 MG / caffeine 65 MG Oral Tablet [Panadol Extra]
1886	caffeine
1944108	Arthriten Max
1944109	acetaminophen 250 MG / aspirin 250 MG / caffeine 65 MG [Arthriten Max]
1944110	acetaminophen / aspirin / caffeine Oral Tablet [Arthriten Max]
1944111	Arthriten Max Oral Product
1944112	Arthriten Max Pill
1944113	acetaminophen 250 MG / aspirin 250 MG / caffeine 65 MG Oral Tablet [Arthriten Max]
197288	Feldene
197425	acetaminophen 325 MG / butalbital 50 MG Oral Capsule
197426	acetaminophen 325 MG / butalbital 50 MG Oral Tablet
197427	acetaminophen 650 MG / butalbital 50 MG Oral Capsule
197428	acetaminophen 650 MG / butalbital 50 MG Oral Tablet
197447	aspirin 325 MG / carisoprodol 200 MG Oral Tablet
197684	etodolac 200 MG Oral Capsule
197685	etodolac 300 MG Oral Capsule
197686	etodolac 400 MG Oral Tablet
197694	fenoprofen 200 MG Oral Capsule
197695	fenoprofen 300 MG Oral Capsule
197724	flurbiprofen 100 MG Oral Tablet
197725	flurbiprofen 50 MG Oral Tablet
197854	ketoprofen 25 MG Oral Capsule
197855	ketoprofen 50 MG Oral Capsule
197856	ketoprofen 75 MG Oral Capsule
197945	aspirin 325 MG / methocarbamol 400 MG Oral Tablet
198012	naproxen 375 MG Oral Tablet
198013	naproxen 250 MG Oral Tablet
198014	naproxen 500 MG Oral Tablet
198107	piroxicam 10 MG Oral Capsule
198108	piroxicam 20 MG Oral Capsule
198204	acetaminophen 250 MG / salicylamide 600 MG Oral Tablet
198434	acetaminophen 120 MG Rectal Suppository
198436	acetaminophen 325 MG Oral Capsule
198437	acetaminophen 325 MG Rectal Suppository
198439	acetaminophen 500 MG Oral Capsule
198440	acetaminophen 500 MG Oral Tablet
198443	acetaminophen 650 MG Rectal Suppository
198444	acetaminophen 650 MG Oral Tablet
198445	acetaminophen 80 MG Rectal Suppository
198466	aspirin 325 MG Oral Capsule
198467	aspirin 325 MG Delayed Release Oral Tablet
198471	aspirin 500 MG Oral Tablet
198473	aspirin 600 MG Rectal Suppository
198475	aspirin 650 MG Oral Tablet
198479	aspirin 400 MG / caffeine 32 MG Oral Tablet
198480	aspirin 500 MG / caffeine 32 MG Oral Tablet
19860	butalbital
199169	ketoprofen 12.5 MG Oral Tablet
199390	etodolac 500 MG Oral Tablet
199490	naproxen 500 MG Rectal Suppository
1995136	acetaminophen 300 MG / butalbital 50 MG Oral Capsule
199553	ketoprofen 100 MG Rectal Suppository
199559	piroxicam 10 MG Oral Tablet
199560	piroxicam 20 MG Oral Tablet
200977	acetaminophen 500 MG Oral Tablet [Panadol]
202399	Anaprox
202432	Panadol
202433	Tylenol
202488	Motrin
202494	Ponstel
202976	Voltaren
202998	Lodine
203012	Naprosyn
203214	diclofenac sodium
203313	Nalfon
204900	acetaminophen 16 MG/ML Oral Solution
205251	acetaminophen 160 MG / aspirin 230 MG / caffeine 33 MG Oral Tablet
205322	celecoxib 100 MG Oral Capsule
205323	celecoxib 200 MG Oral Capsule
205626	flurbiprofen 100 MG Oral Tablet [Ansaid]
206812	etodolac 400 MG Oral Tablet [Lodine]
206886	ibuprofen 200 MG Oral Tablet [Genpril]
206905	ibuprofen 400 MG Oral Tablet [Ibu]
206913	ibuprofen 600 MG Oral Tablet [Ibu]
206917	ibuprofen 800 MG Oral Tablet [Ibu]
207093	naproxen 25 MG/ML Oral Suspension [Naprosyn]
209352	acetaminophen 120 MG Rectal Suppository [Acephen]
209353	acetaminophen 120 MG Rectal Suppository [Feverall]
209360	acetaminophen 325 MG Rectal Suppository [Acephen]
209361	acetaminophen 325 MG Rectal Suppository [Feverall]
209363	acetaminophen 650 MG Rectal Suppository [Acephen]
209364	acetaminophen 650 MG Rectal Suppository [Feverall]
209375	acetaminophen 325 MG Oral Tablet [Mapap]
209384	acetaminophen 325 MG Oral Tablet [Tycolene]
209387	acetaminophen 325 MG Oral Tablet [Tylenol]
209397	acetaminophen 32 MG/ML Oral Solution [Mapap]
209417	acetaminophen 33.3 MG/ML Oral Solution [Mapap]
209425	acetaminophen 33.3 MG/ML Oral Solution [Redutemp]
209433	acetaminophen 500 MG Oral Tablet [Anacin AF]
209443	acetaminophen 500 MG Oral Tablet [Mapap]
209459	acetaminophen 500 MG Oral Tablet [Tylenol]
209468	acetaminophen 250 MG / aspirin 250 MG / caffeine 65 MG Oral Tablet [Excedrin]
209495	acetaminophen 80 MG Chewable Tablet [Mapap]
209501	acetaminophen 80 MG Chewable Tablet [Tempra Quicklets]
209531	acetaminophen 80 MG Rectal Suppository [Feverall]
209826	acetaminophen 325 MG / butalbital 50 MG Oral Tablet [Marten-Tab]
209870	acetaminophen 160 MG Chewable Tablet [Mapap]
209873	acetaminophen 160 MG Chewable Tablet [Tempra Quicklets]
209890	acetaminophen 500 MG Oral Capsule [Mapap]
210864	acetaminophen 115 MG / aspirin 210 MG / caffeine 16 MG / salicylamide 65 MG Oral Tablet [Saleto]
211161	acetaminophen 325 MG / butalbital 50 MG / caffeine 40 MG Oral Capsule [Esgic]
211189	acetaminophen 325 MG / butalbital 50 MG / caffeine 40 MG Oral Tablet [Esgic]
211194	acetaminophen 325 MG / butalbital 50 MG / caffeine 40 MG Oral Tablet [Repan]
211292	aspirin 400 MG / caffeine 32 MG Oral Tablet [Anacin]
211297	aspirin 400 MG / caffeine 32 MG Oral Tablet [P-A-C Analgesic]
211874	aspirin 325 MG Oral Tablet [Bayer Aspirin]
211881	aspirin 325 MG Oral Tablet [Norwich Aspirin]
211887	aspirin 500 MG Oral Tablet [Bayer Aspirin]
211891	aspirin 500 MG Oral Tablet [Norwich Aspirin]
212033	aspirin 325 MG Oral Tablet
212086	aspirin 325 MG Delayed Release Oral Tablet [Ecotrin]
213468	celecoxib 100 MG Oral Capsule [Celebrex]
213469	celecoxib 200 MG Oral Capsule [Celebrex]
214130	acetaminophen / butalbital / caffeine
214178	acetaminophen / butalbital
214188	acetaminophen / salicylamide
214249	aspirin / butalbital
214250	aspirin / caffeine
214251	aspirin / carisoprodol
214255	aspirin / methocarbamol
215101	Aleve
215256	Anacin
215257	Anacin AF
215568	Bayer Aspirin
215770	Bufferin
215777	Bupap
215916	Cataflam
215927	Celebrex
217020	Excedrin
217115	Feverall
217693	Ibu
2178272	ibuprofen 4 MG/ML
2178273	200 ML ibuprofen 4 MG/ML Injection
2178274	ibuprofen 4 MG/ML [Caldolor]
2178275	200 ML ibuprofen 4 MG/ML Injection [Caldolor]
2178753	acetaminophen Oral Powder Product
2178754	acetaminophen Oral Powder
2178755	acetaminophen 160 MG Oral Powder
2178756	acetaminophen Oral Powder [Tylenol]
2178757	Tylenol Oral Powder Product
2178758	acetaminophen 160 MG Oral Powder [Tylenol]
218205	Mapap
218227	Marten-Tab
218599	Naprelan
218783	Norwich Aspirin
219010	P-A-C Analgesic
219779	Saleto
220207	Tempra Quicklets
220211	Tencon
220751	Vanquish
225064	Acephen
2261399	acetaminophen 21.7 MG/ML / butalbital 3.33 MG/ML / caffeine 2.67 MG/ML [Vtol]
2261400	acetaminophen / butalbital / caffeine Oral Solution [Vtol]
2261403	acetaminophen 21.7 MG/ML / butalbital 3.33 MG/ML / caffeine 2.67 MG/ML Oral Solution [Vtol]
2264779	acetaminophen 325 MG Chewable Tablet
2267026	aspirin 1000 MG / caffeine 150 MG Oral Powder
226882	acetaminophen 60 MG Rectal Suppository
2279002	Allzital
2279003	acetaminophen 325 MG / butalbital 25 MG [Allzital]
2279004	acetaminophen / butalbital Oral Tablet [Allzital]
2279005	Allzital Oral Product
2279006	Allzital Pill
2279007	acetaminophen 325 MG / butalbital 25 MG Oral Tablet [Allzital]
2360605	acetaminophen 500 MG / aspirin 500 MG / caffeine 65 MG Oral Powder
236125	diclofenac diethylammonium
2372911	Once-Daily diclofenac epolamine 0.013 MG/MG Medicated Patch [Licart]
2373451	celecoxib 25 MG/ML
2373452	celecoxib Oral Liquid Product
2373453	celecoxib Oral Solution
2373454	celecoxib 25 MG/ML Oral Solution
2373455	Elyxyb
2373456	celecoxib 25 MG/ML [Elyxyb]
2373457	celecoxib Oral Solution [Elyxyb]
2373458	Elyxyb Oral Liquid Product
2373459	Elyxyb Oral Product
2373460	celecoxib 25 MG/ML Oral Solution [Elyxyb]
2374360	acetaminophen 500 MG Oral Powder
2374361	acetaminophen 500 MG Oral Powder [Tylenol]
238134	aspirin 325 MG / butalbital 50 MG / caffeine 40 MG Oral Capsule
238135	aspirin 325 MG / butalbital 50 MG / caffeine 40 MG Oral Tablet
238137	acetaminophen / aspirin / caffeine / salicylamide Oral Tablet
238142	acetaminophen / aspirin / caffeine Oral Tablet
238153	acetaminophen 325 MG / butalbital 50 MG / caffeine 40 MG Oral Capsule
238154	acetaminophen 325 MG / butalbital 50 MG / caffeine 40 MG Oral Tablet
238159	acetaminophen 100 MG/ML Oral Solution
2385117	Once-Daily diclofenac epolamine 0.013 MG/MG Medicated Patch
2385118	diclofenac epolamine 0.013 MG/MG [Licart]
2385119	Licart Topical Product
2385121	Licart
2385122	diclofenac Medicated Patch [Licart]
2387532	acetaminophen 250 MG / ibuprofen 125 MG Oral Tablet
240093	acetaminophen 500 MG / butalbital 50 MG / caffeine 40 MG Oral Tablet
243675	acetaminophen 100 MG/ML Oral Suspension
243685	aspirin 421 MG / caffeine 32 MG Oral Tablet
243694	acetaminophen 194 MG / aspirin 227 MG / caffeine 33 MG Oral Tablet
24605	etodolac
246236	ketoprofen 50 MG/ML Injectable Solution
247137	aspirin 650 MG Oral Powder
247816	acetaminophen 325 MG / caffeine 65 MG Oral Tablet
2480095	50 ML acetaminophen 10 MG/ML Injection
248316	acetaminophen 50 MG/ML Oral Solution
249875	acetaminophen 250 MG Rectal Suppository
250085	acetaminophen 25 MG/ML / ibuprofen 20 MG/ML Oral Suspension
250408	benorilate 750 MG Oral Tablet
250469	fenoprofen 300 MG Oral Tablet
250649	acetaminophen 50 MG/ML Oral Suspension
250650	acetaminophen 24 MG/ML Oral Suspension
250651	acetaminophen 500 MG Rectal Suppository
250724	benorilate 400 MG/ML Oral Suspension
251374	acetaminophen 80 MG Disintegrating Oral Tablet
251698	acetaminophen 300 MG Rectal Suppository
2550737	diclofenac sodium 0.01 MG/MG [Aleve Arthritis Pain]
2550738	diclofenac Topical Gel [Aleve Arthritis Pain]
2550739	Aleve Arthritis Pain Topical Product
2550740	diclofenac sodium 0.01 MG/MG Topical Gel [Aleve Arthritis Pain]
2563423	Vazalore
2563424	aspirin 325 MG [Vazalore]
2563428	aspirin 325 MG Oral Capsule [Vazalore]
2566869	ketoprofen 120 MG/ML
2584345	Lofena
2584346	diclofenac potassium 25 MG [Lofena]
2584347	Lofena Oral Product
2584348	Lofena Pill
2584349	diclofenac Oral Tablet [Lofena]
2584350	diclofenac potassium 25 MG Oral Tablet [Lofena]
2588210	acetaminophen 6.67 MG/ML
2600047	diclofenac / lidocaine Topical Product
2600048	diclofenac / lidocaine Topical Gel
2600049	diclofenac sodium 0.01 MG/MG / lidocaine hydrochloride 0.045 MG/MG Topical Gel
260323	fenoprofen 200 MG Oral Capsule [Nalfon]
2604040	diclofenac sodium 0.0125 MG/MG
2604041	diclofenac / lidocaine Medicated Patch
2606079	aspirin 325 MG Effervescent Oral Tablet
260847	aspirin 325 MG Oral Tablet [Bufferin]
2626726	aspirin 650 MG / caffeine 65 MG Oral Powder
2632946	diclofenac sodium 0.0125 MG/MG / lidocaine hydrochloride 0.045 MG/MG Medicated Patch
2639348	acetaminophen 32 MG/ML [Feverall]
2639350	acetaminophen Oral Suspension [Feverall]
2639351	acetaminophen 32 MG/ML Oral Suspension [Feverall]
2645516	carisoprodol / diclofenac sodium Oral Tablet
2645791	acetaminophen / sodium salicylate Oral Tablet
2645963	acetaminophen / diclofenac potassium Oral Tablet
2647518	naproxen sodium / sumatriptan Oral Tablet
2648045	naproxen sodium Oral Tablet
2648287	acetaminophen / diclofenac potassium Delayed Release Oral Tablet
2648502	naproxen sodium Oral Capsule
2654512	naproxen sodium / sumatriptan Oral Tablet [Treximet]
2654513	naproxen sodium Oral Tablet [Wal-Proxen]
2654561	diclofenac potassium Oral Tablet [Lofena]
2654566	naproxen sodium Oral Tablet [Anaprox]
2654714	naproxen sodium Oral Capsule [Aleve]
2654753	diclofenac potassium Powder for Oral Solution [Cambia]
2654757	diclofenac epolamine Medicated Patch [Licart]
2655384	diclofenac sodium Topical Gel [Solaraze]
2656454	mefenamic acid Oral Capsule [Ponstel]
2656719	diclofenac sodium Topical Gel [Voltaren]
2657104	diclofenac sodium Topical Gel [Aleve Arthritis Pain]
2657980	diclofenac sodium Topical Cream [Surpass Anti-Inflammatory]
2658087	diclofenac sodium Topical Solution [Pennsaid]
2658126	diclofenac potassium Oral Tablet [Cataflam]
2658236	ketorolac tromethamine Metered Dose Nasal Spray [Sprix]
2658327	diclofenac epolamine Medicated Patch [Flector]
2658606	ziconotide acetate Injection [Prialt]
2658759	diclofenac sodium Extended Release Oral Tablet [Voltaren]
2659037	naproxen sodium Oral Tablet [Aleve]
2659391	carisoprodol / diclofenac sodium Pill
2659458	naproxen sodium Oral Product
2659812	acetaminophen / diclofenac potassium Pill
2660033	carisoprodol / diclofenac sodium Oral Product
2661109	naproxen sodium / sumatriptan Oral Product
2661667	naproxen sodium Pill
2661881	acetaminophen / sodium salicylate Pill
2661991	naproxen sodium / sumatriptan Pill
2662506	acetaminophen / sodium salicylate Oral Product
2662586	acetaminophen / diclofenac potassium Oral Product
2668205	acetaminophen Granules for Oral Solution
2668206	acetaminophen 500 MG Granules for Oral Solution
2669474	diclofenac sodium 0.012 MG/MG
2669476	diclofenac / lidocaine / menthol Topical Product
2669477	diclofenac / lidocaine / menthol Medicated Patch
2669480	diclofenac sodium 0.012 MG/MG / lidocaine 0.04 MG/MG / menthol 0.05 MG/MG Medicated Patch
2669481	Trifena
2669482	diclofenac sodium 0.012 MG/MG / lidocaine 0.04 MG/MG / menthol 0.05 MG/MG [Trifena]
2669483	Trifena Topical Product
2669484	diclofenac / lidocaine / menthol Medicated Patch [Trifena]
2669485	diclofenac sodium / lidocaine / menthol Medicated Patch [Trifena]
2669486	diclofenac sodium 0.012 MG/MG / lidocaine 0.04 MG/MG / menthol 0.05 MG/MG Medicated Patch [Trifena]
2670401	diclofenac 25 MG
2670403	diclofenac 25 MG [Zipsor]
267171	fenoprofen calcium
28200	ketorolac tromethamine
282422	aspirin / butalbital / caffeine
282464	acetaminophen 160 MG Oral Tablet
283274	acetaminophen 250 MG / caffeine 50 MG / magnesium salicylate 290 MG Oral Tablet
307666	acetaminophen 125 MG Rectal Suppository
307667	acetaminophen 160 MG Oral Capsule
307668	acetaminophen 32 MG/ML Oral Suspension
307675	acetaminophen 32 MG/ML Oral Solution
307684	acetaminophen 33.3 MG/ML Oral Solution
307686	acetaminophen 500 MG / caffeine 65 MG Oral Tablet
307695	acetaminophen 80 MG Oral Capsule
307696	acetaminophen 80 MG Chewable Tablet
308278	acetaminophen 115 MG / aspirin 210 MG / caffeine 16 MG / salicylamide 65 MG Oral Tablet
308297	acetaminophen 250 MG / aspirin 250 MG / caffeine 65 MG Oral Tablet
308322	acetaminophen 500 MG / butalbital 50 MG / caffeine 40 MG Oral Capsule
308363	aspirin 325 MG / caffeine 16 MG / salicylamide 95 MG Oral Tablet
308409	aspirin 500 MG Delayed Release Oral Tablet
308411	aspirin 650 MG Delayed Release Oral Tablet
308417	aspirin 975 MG Delayed Release Oral Tablet
310245	24 HR etodolac 400 MG Extended Release Oral Tablet
310247	24 HR etodolac 600 MG Extended Release Oral Tablet
310291	fenoprofen 600 MG Oral Tablet
311486	meloxicam 7.5 MG Oral Tablet
311913	naproxen 25 MG/ML Oral Suspension
311915	naproxen 500 MG Delayed Release Oral Tablet
313782	acetaminophen 325 MG Oral Tablet
313820	acetaminophen 160 MG Chewable Tablet
314059	24 HR ketoprofen 100 MG Extended Release Oral Capsule
314293	acetylsalicylate sodium
315249	acetaminophen 100 MG/ML
315250	acetaminophen 120 MG
315251	acetaminophen 125 MG
315252	acetaminophen 150 MG
315253	acetaminophen 160 MG
315256	acetaminophen 24 MG/ML
315257	acetaminophen 240 MG
315258	acetaminophen 25 MG/ML
315259	acetaminophen 250 MG
315261	acetaminophen 300 MG
315262	acetaminophen 32 MG/ML
315263	acetaminophen 325 MG
315264	acetaminophen 400 MG
315266	acetaminophen 500 MG
315268	acetaminophen 650 MG
315269	acetaminophen 750 MG
315270	acetaminophen 80 MG
315418	aspirin 300 MG
315420	aspirin 356.4 MG
315422	aspirin 400 MG
315424	aspirin 500 MG
315426	aspirin 600 MG
315428	aspirin 650 MG
315430	aspirin 800 MG
315432	aspirin 850 MG
315433	aspirin 975 MG
315603	celecoxib 100 MG
315604	celecoxib 200 MG
315906	etodolac 200 MG
315907	etodolac 300 MG
315908	etodolac 400 MG
315909	etodolac 500 MG
315910	etodolac 600 MG
315958	flurbiprofen 100 MG
316115	ketoprofen 12.5 MG
316116	ketoprofen 150 MG
316117	ketoprofen 200 MG
316118	ketoprofen 25 MG
316119	ketoprofen 50 MG
316120	ketoprofen 75 MG
316326	naproxen 250 MG
316327	naproxen 375 MG
316328	naproxen 500 MG
316524	piroxicam 10 MG
316653	salicylamide 600 MG
317285	acetaminophen 50 MG/ML
317286	acetaminophen 65 MG/ML
317300	aspirin 325 MG
317309	butalbital 50 MG
317467	piroxicam 20 MG
317643	ketoprofen 100 MG
317653	naproxen 25 MG/ML
323968	meloxicam 7.5 MG
328372	fenoprofen 200 MG
328373	fenoprofen 300 MG
328374	fenoprofen 600 MG
328877	acetaminophen 33.3 MG/ML
329161	acetaminophen 16 MG/ML
329294	aspirin 421 MG
330588	acetaminophen 660 MG
330879	acetaminophen 60 MG/ML
330880	acetaminophen 20 MG/ML
330892	acetaminophen 450 MG
330905	acetaminophen 120 MG/ML
331164	benorilate 400 MG/ML
331165	benorilate 750 MG
332249	naproxen 750 MG
332335	acetaminophen 260 MG
332336	aspirin 520 MG
332345	acetaminophen 43.3 MG/ML
332451	meloxicam 15 MG
332581	acetaminophen 21.7 MG/ML
332608	acetaminophen 1000 MG
332815	acetaminophen 60 MG
335102	ketoprofen 0.025 MG/MG
335104	ketoprofen 50 MG/ML
3355	diclofenac
335933	aspirin 389 MG
335990	aspirin 742 MG
336010	aspirin 385 MG
336012	aspirin 770 MG
336021	acetaminophen 32.5 MG/ML
336027	acetaminophen 356.4 MG
336341	acetaminophen 712.8 MG
336428	acetaminophen 194 MG
336882	acetaminophen 115 MG
348978	acetaminophen 300 MG Oral Tablet
349113	acetaminophen 500 MG Delayed Release Oral Capsule
349514	celecoxib 400 MG Oral Capsule
349516	aspirin 800 MG Oral Tablet
349882	acetaminophen 556 MG
350459	aspirin 428 MG
350460	aspirin 856 MG
350656	celecoxib 400 MG
351398	fenoprofen 600 MG Oral Tablet [Nalfon]
352314	celecoxib 400 MG Oral Capsule [Celebrex]
35827	ketorolac
359221	acetaminophen 110 MG / aspirin 162 MG / caffeine 32.4 MG / salicylamide 152 MG Oral Tablet
359500	24 HR etodolac 500 MG Extended Release Oral Tablet
359697	24 HR ketoprofen 200 MG Extended Release Oral Capsule
360415	acetaminophen 110 MG
364161	acetaminophen Oral Solution [Redutemp]
364168	acetaminophen Oral Solution [Mapap]
366226	fenoprofen Oral Capsule [Nalfon]
366276	piroxicam Oral Capsule [Feldene]
366322	acetaminophen Oral Capsule [Mapap]
366380	acetaminophen / butalbital / caffeine Oral Capsule [Zebutal]
366427	acetaminophen / butalbital / caffeine Oral Capsule [Esgic]
366443	celecoxib Oral Capsule [Celebrex]
367547	acetaminophen Rectal Suppository [Feverall]
367572	acetaminophen Rectal Suppository [Acephen]
367620	etodolac Oral Tablet [Lodine]
367752	aspirin / caffeine Oral Tablet [P-A-C Analgesic]
367758	aspirin / caffeine Oral Tablet [Anacin]
367771	acetaminophen / butalbital / caffeine Oral Tablet [Repan]
367776	acetaminophen / butalbital / caffeine Oral Tablet [Esgic]
367856	acetaminophen / aspirin / caffeine / salicylamide Oral Tablet [Saleto]
368022	acetaminophen / butalbital Oral Tablet [Bupap]
368154	meloxicam Oral Tablet [Mobic]
368447	naproxen Oral Tablet [Aleve]
368457	aspirin Oral Tablet [Bayer Aspirin]
368468	aspirin Oral Tablet [Norwich Aspirin]
368641	fenoprofen Oral Tablet [Nalfon]
368653	aspirin Oral Tablet [Bufferin]
368984	acetaminophen / butalbital Oral Tablet [Marten-Tab]
369063	acetaminophen / aspirin / caffeine Oral Tablet [Excedrin]
369070	acetaminophen Oral Tablet [Tylenol]
369079	acetaminophen Oral Tablet [Panadol]
369085	acetaminophen Oral Tablet [Mapap]
369094	acetaminophen Oral Tablet [Anacin AF]
369097	acetaminophen Oral Tablet
369102	acetaminophen Oral Tablet [Tycolene]
369164	diclofenac Oral Tablet [Cataflam]
369463	flurbiprofen Oral Tablet [Ansaid]
369639	acetaminophen Chewable Tablet [Tempra Quicklets]
369642	acetaminophen Chewable Tablet [Mapap]
369974	naproxen Extended Release Oral Tablet [Naprelan]
370383	diclofenac Topical Gel [Solaraze]
370506	acetaminophen Oral Solution
370508	acetaminophen Rectal Suppository
370509	acetaminophen Oral Suspension
370510	acetaminophen Chewable Tablet
370511	acetaminophen Oral Capsule
370512	acetaminophen Extended Release Oral Tablet
370513	acetaminophen / butalbital Oral Capsule
370514	acetaminophen / butalbital Oral Tablet
370515	acetaminophen / caffeine Oral Tablet
370611	aspirin Oral Tablet
370612	aspirin Extended Release Oral Tablet
370615	aspirin / caffeine Oral Tablet
370744	acetaminophen Disintegrating Oral Tablet
370761	acetaminophen / caffeine Oral Capsule
370771	acetaminophen / salicylamide Oral Tablet
370939	aspirin Delayed Release Oral Tablet
370940	aspirin Oral Capsule
370945	acetaminophen / aspirin Oral Tablet
370946	aspirin / butalbital Oral Tablet
371007	benorilate Oral Suspension
371008	benorilate Oral Tablet
371343	celecoxib Oral Capsule
371793	diclofenac Extended Release Oral Capsule
371794	diclofenac Delayed Release Oral Tablet
371795	diclofenac Injectable Solution
371796	diclofenac Rectal Suppository
371798	diclofenac Oral Tablet
371799	diclofenac Extended Release Oral Tablet
372125	etodolac Oral Capsule
372126	etodolac Oral Tablet
372153	fenoprofen Oral Capsule
372154	fenoprofen Oral Tablet
372249	flurbiprofen Oral Tablet
372451	acetaminophen / ibuprofen Oral Suspension
372452	acetaminophen / ibuprofen Oral Tablet
372535	ketoprofen Oral Capsule
372536	ketoprofen Extended Release Oral Capsule
372539	ketoprofen Rectal Suppository
372540	ketoprofen Oral Tablet
372545	ketorolac Injectable Solution
372547	ketorolac Oral Tablet
372754	meloxicam Oral Tablet
372833	aspirin / methocarbamol Oral Tablet
373002	naproxen Oral Capsule
373003	naproxen Rectal Suppository
373004	naproxen Oral Suspension
373005	naproxen Oral Tablet
373006	naproxen Extended Release Oral Tablet
373009	naproxen Delayed Release Oral Tablet
373485	piroxicam Oral Tablet
373486	piroxicam Oral Capsule
374442	aspirin / carisoprodol Oral Tablet
374750	acetaminophen / butalbital / caffeine Oral Capsule
374751	acetaminophen / butalbital / caffeine Oral Tablet
374753	aspirin / butalbital / caffeine Oral Capsule
374755	aspirin / butalbital / caffeine Oral Tablet
374758	aspirin / caffeine / orphenadrine Oral Tablet
374765	aspirin / caffeine / salicylamide Oral Tablet
375972	aspirin Oral Solution
375985	aluminum hydroxide / aspirin / magnesium hydroxide Oral Tablet
375995	acetaminophen / aspirin / caffeine Oral Capsule
376352	diclofenac Oral Capsule
376394	aspirin Extended Release Oral Capsule
377957	ketoprofen Topical Gel
377959	diclofenac Topical Gel
378268	acetaminophen Delayed Release Oral Capsule
379087	acetaminophen / caffeine / magnesium salicylate Oral Tablet
379169	etodolac Extended Release Oral Tablet
379282	aspirin / caffeine / salicylamide Oral Powder
379422	aspirin Disintegrating Oral Tablet
379497	aspirin Oral Powder
385498	acetaminophen / methionine Oral Tablet
385629	acetaminophen 5 MG/ML
385631	acetaminophen / caffeine Oral Solution
387090	aspirin 325 MG Delayed Release Oral Tablet [Bayer Aspirin]
388081	acetaminophen 250 MG Disintegrating Oral Tablet
391930	aspirin 975 MG Oral Tablet
392293	acetaminophen 48.2 MG/ML Oral Solution
393139	diclofenac Topical Solution
393225	diclofenac Oral Solution
393300	aspirin Delayed Release Oral Tablet [Bayer Aspirin]
393515	acetaminophen 48.2 MG/ML
403937	acetaminophen 500 MG / caffeine 65 MG Disintegrating Oral Tablet
404172	acetaminophen 500 MG / caffeine 65 MG Oral Tablet [Excedrin Tension Headache]
405760	acetaminophen / caffeine Disintegrating Oral Tablet
405991	acetaminophen / caffeine Oral Tablet [Excedrin Tension Headache]
40968	diclofenac epolamine
410226	acetaminophen 500 MG / caffeine 65 MG Oral Capsule
411846	24 HR diclofenac sodium 100 MG Extended Release Oral Capsule
411848	24 HR diclofenac sodium 75 MG Extended Release Oral Capsule
41493	meloxicam
421071	acetaminophen 100 MG Rectal Suppository
422626	acetaminophen 25 MG/ML Oral Suspension
425723	acetaminophen 120 MG/ML Oral Solution
430837	acetaminophen 1000 MG Oral Tablet
430890	celecoxib 200 MG Oral Tablet
432638	acetaminophen 250 MG / aspirin 250 MG Oral Tablet
4331	fenoprofen
433353	aspirin 300 MG Chewable Tablet
437158	acetaminophen 100 MG
437160	acetaminophen 20 MG/ML Oral Suspension
438395	celecoxib Oral Tablet
438948	diclofenac Topical Cream
438955	diclofenac Delayed Release Oral Capsule
446251	meloxicam Oral Capsule
4502	flurbiprofen
452725	acetaminophen / butalbital / caffeine Oral Solution
466581	acetaminophen / caffeine / salicylamide
466584	acetaminophen / aspirin / caffeine
477282	acetaminophen 160 MG Disintegrating Oral Tablet
483015	acetaminophen 10 MG/ML
483017	100 ML acetaminophen 10 MG/ML Injection
484495	acetaminophen 163 MG
486126	ziconotide acetate
486133	20 ML ziconotide acetate 0.025 MG/ML Injection
497062	Prialt
540432	acetaminophen 250 MG / salicylamide 600 MG [Frenadol]
540433	acetaminophen / salicylamide Oral Tablet [Frenadol]
540434	acetaminophen 250 MG / salicylamide 600 MG Oral Tablet [Frenadol]
541713	ibuprofen 800 MG Oral Tablet [Samson 8]
5640	ibuprofen
564237	naproxen 250 MG [Naprosyn]
564238	naproxen 500 MG [Naprosyn]
564251	naproxen 375 MG [Naprosyn]
564263	piroxicam 10 MG [Feldene]
564264	piroxicam 20 MG [Feldene]
565024	meloxicam 15 MG [Mobic]
565025	meloxicam 7.5 MG [Mobic]
565623	acetaminophen 500 MG [Panadol]
566518	flurbiprofen 100 MG [Ansaid]
567619	etodolac 400 MG [Lodine]
567887	naproxen 25 MG/ML [Naprosyn]
569951	acetaminophen 325 MG / butalbital 50 MG [Tencon]
569963	acetaminophen 120 MG [Acephen]
569964	acetaminophen 120 MG [Feverall]
569971	acetaminophen 325 MG [Acephen]
569972	acetaminophen 325 MG [Feverall]
569974	acetaminophen 650 MG [Acephen]
569975	acetaminophen 650 MG [Feverall]
569986	acetaminophen 325 MG [Mapap]
569995	acetaminophen 325 MG [Tycolene]
569998	acetaminophen 325 MG [Tylenol]
570008	acetaminophen 32 MG/ML [Mapap]
570028	acetaminophen 33.3 MG/ML [Mapap]
570036	acetaminophen 33.3 MG/ML [Redutemp]
570044	acetaminophen 500 MG [Anacin AF]
570054	acetaminophen 500 MG [Mapap]
570070	acetaminophen 500 MG [Tylenol]
570079	acetaminophen 250 MG / aspirin 250 MG / caffeine 65 MG [Excedrin]
570104	acetaminophen 80 MG [Mapap]
570110	acetaminophen 80 MG [Tempra Quicklets]
570127	acetaminophen 80 MG [Feverall]
570402	acetaminophen 325 MG / butalbital 50 MG [Marten-Tab]
570445	acetaminophen 160 MG [Mapap]
570448	acetaminophen 160 MG [Tempra Quicklets]
571342	acetaminophen 115 MG / aspirin 210 MG / caffeine 16 MG / salicylamide 65 MG [Saleto]
571621	acetaminophen 325 MG / butalbital 50 MG / caffeine 40 MG [Esgic]
571650	acetaminophen 325 MG / butalbital 50 MG / caffeine 40 MG [Repan]
571734	aspirin 400 MG / caffeine 32 MG [Anacin]
571739	aspirin 400 MG / caffeine 32 MG [P-A-C Analgesic]
572203	aspirin 325 MG [Bayer Aspirin]
572210	aspirin 325 MG [Norwich Aspirin]
572216	aspirin 500 MG [Bayer Aspirin]
572220	aspirin 500 MG [Norwich Aspirin]
572393	aspirin 325 MG [Ecotrin]
573356	celecoxib 100 MG [Celebrex]
573357	celecoxib 200 MG [Celebrex]
574119	fenoprofen 200 MG [Nalfon]
574308	aspirin 325 MG [Bufferin]
575329	fenoprofen 600 MG [Nalfon]
576008	celecoxib 400 MG [Celebrex]
576234	acetaminophen 500 MG / caffeine 65 MG [Excedrin Tension Headache]
583453	20 ML ziconotide acetate 0.025 MG/ML Injection [Prialt]
588003	meclofenamate
603103	naproxen 375 MG Delayed Release Oral Tablet
603136	acetaminophen 325 MG Disintegrating Oral Tablet
604205	butalbital 3.33 MG/ML
605252	aspirin 650 MG / caffeine 33.3 MG / salicylamide 195 MG Oral Powder
608680	acetaminophen 160 MG [Tylenol]
608695	aspirin 500 MG / caffeine 32 MG [Anacin]
608696	aspirin 500 MG / caffeine 32 MG Oral Tablet [Anacin]
608792	naproxen Delayed Release Oral Tablet [Naprosyn]
608793	naproxen 375 MG Delayed Release Oral Tablet [Naprosyn]
6142	ketoprofen
615914	acetaminophen 650 MG [Mapap]
615915	acetaminophen Extended Release Oral Tablet [Mapap]
618550	meclofenamate 100 MG
618551	meclofenamate Oral Capsule
618552	meclofenamate 100 MG Oral Capsule
618556	meclofenamate 50 MG
618557	meclofenamate 50 MG Oral Capsule
632094	acetaminophen / salicylic acid Oral Tablet
643099	Wal-Profen
643130	Wal-Proxen
643132	naproxen Oral Tablet [Wal-Proxen]
646457	acetaminophen 650 MG [Tylenol]
646458	acetaminophen Extended Release Oral Tablet [Tylenol]
647977	aspirin 360 MG
665056	acetaminophen 500 MG Chewable Tablet
6677	meclofenamate sodium
6693	mefenamic acid
672601	acetaminophen 250 MG / caffeine 32.5 MG / magnesium salicylate 310 MG Oral Tablet
68503	ziconotide
686378	celecoxib 50 MG
686379	celecoxib 50 MG Oral Capsule
686380	celecoxib 50 MG [Celebrex]
686381	celecoxib 50 MG Oral Capsule [Celebrex]
687078	acetaminophen / aspirin
689519	aspirin / caffeine / salicylamide
689551	acetaminophen / aspirin / caffeine / calcium gluconate
689554	acetaminophen / aspirin / caffeine / salicylamide
692667	acetaminophen Chewable Tablet [Tylenol]
692835	acetaminophen / aspirin / caffeine Oral Powder
692836	acetaminophen 325 MG / aspirin 500 MG / caffeine 65 MG Oral Powder
702316	aspirin 500 MG / caffeine 32.5 MG Oral Tablet
702317	Bayer Back and Body Pain
702318	aspirin 500 MG / caffeine 32.5 MG [Bayer Back and Body Pain]
702319	aspirin / caffeine Oral Tablet [Bayer Back and Body Pain]
702320	aspirin 500 MG / caffeine 32.5 MG Oral Tablet [Bayer Back and Body Pain]
702613	acetaminophen 500 MG / caffeine 65 MG [Excedrin Quick Tab]
702614	acetaminophen / caffeine Disintegrating Oral Tablet [Excedrin Quick Tab]
702615	acetaminophen 500 MG / caffeine 65 MG Disintegrating Oral Tablet [Excedrin Quick Tab]
707321	acetaminophen Oral Solution [Comtrex Sore Throat Relief]
707765	Excedrin Back & Body
721973	Anacin Advanced Headache Formula
723528	acetaminophen 250 MG / aspirin 250 MG [Excedrin Back & Body]
723529	acetaminophen / aspirin Oral Tablet [Excedrin Back & Body]
723530	acetaminophen 250 MG / aspirin 250 MG Oral Tablet [Excedrin Back & Body]
723531	acetaminophen 250 MG / aspirin 250 MG / caffeine 65 MG [Anacin Advanced Headache Formula]
723532	acetaminophen / aspirin / caffeine Oral Tablet [Anacin Advanced Headache Formula]
723533	acetaminophen 250 MG / aspirin 250 MG / caffeine 65 MG Oral Tablet [Anacin Advanced Headache Formula]
7258	naproxen
727596	ketorolac Prefilled Syringe
752882	diclofenac Topical Gel [Voltaren]
756245	acetaminophen 21.7 MG/ML / butalbital 3.33 MG/ML / caffeine 2.67 MG/ML Oral Solution
763110	acetaminophen / aspirin Oral Powder
763111	acetaminophen 325 MG / aspirin 500 MG Oral Powder
763116	acetaminophen 260 MG / aspirin 520 MG / caffeine 32.5 MG Oral Powder
794763	naproxen / sumatriptan Oral Tablet
794765	Treximet
794767	naproxen / sumatriptan Oral Tablet [Treximet]
797050	aspirin 650 MG / caffeine 32 MG / salicylamide 200 MG Oral Powder
797426	naproxen / sumatriptan
798924	acetaminophen 325 MG [Tactinal]
798925	acetaminophen Oral Tablet [Tactinal]
798926	acetaminophen 325 MG Oral Tablet [Tactinal]
806446	aspirin 500 MG / caffeine 65 MG Oral Tablet
812243	acetaminophen / caffeine / magnesium salicylate
816583	acetaminophen / carisoprodol
817105	carisoprodol / piroxicam
817455	ascorbic acid / aspirin / caffeine
818102	acetaminophen / ibuprofen
818190	acetaminophen / piroxicam
818929	carisoprodol / naproxen
819516	acetaminophen / diclofenac
81997	diclofenac potassium
820701	acetaminophen / aspirin / salicylamide
827318	acetaminophen 250 MG / aspirin 250 MG / caffeine 65 MG Oral Capsule
828553	acetaminophen 32 MG/ML [Tylenol]
828554	acetaminophen Oral Suspension [Tylenol]
828555	acetaminophen 32 MG/ML Oral Suspension [Tylenol]
828557	acetaminophen 160 MG Chewable Tablet [Tylenol]
829497	mefenamic acid 10 MG/ML
829498	mefenamic acid 10 MG/ML Oral Suspension
829499	mefenamic acid 250 MG
829500	mefenamic acid 250 MG Oral Capsule
829501	mefenamic acid 250 MG [Ponstel]
829502	mefenamic acid 250 MG Oral Capsule [Ponstel]
829612	mefenamic acid 500 MG
829613	mefenamic acid 500 MG Oral Tablet
830544	acetaminophen / aspirin / caffeine Oral Tablet [Vanquish]
834021	ketorolac tromethamine 10 MG
834022	ketorolac tromethamine 10 MG Oral Tablet
835560	naproxen 500 MG Delayed Release Oral Tablet [Naprosyn]
8356	piroxicam
848165	aspirin 500 MG [Bufferin]
848166	aspirin 500 MG Oral Tablet [Bufferin]
849397	naproxen sodium 275 MG
849398	naproxen sodium 275 MG Oral Tablet
849430	naproxen sodium 550 MG
849431	naproxen sodium 550 MG Oral Tablet
849437	naproxen sodium 550 MG [Anaprox]
849438	naproxen sodium 550 MG Oral Tablet [Anaprox]
849449	naproxen sodium 500 MG
849450	naproxen sodium 500 MG / sumatriptan 85 MG Oral Tablet
849451	naproxen sodium 500 MG / sumatriptan 85 MG [Treximet]
849452	naproxen sodium 500 MG / sumatriptan 85 MG Oral Tablet [Treximet]
849573	naproxen sodium 220 MG
849574	naproxen sodium 220 MG Oral Tablet
849727	naproxen sodium 220 MG [Aleve]
849728	naproxen sodium 220 MG Oral Tablet [Aleve]
849736	naproxen sodium 220 MG [Wal-Proxen]
849737	naproxen sodium 220 MG Oral Tablet [Wal-Proxen]
850424	ibuprofen 200 MG Oral Tablet [Ibuprohm]
854182	ibuprofen 100 MG/ML
854183	8 ML ibuprofen 100 MG/ML Injection
854184	Caldolor
854185	ibuprofen 100 MG/ML [Caldolor]
854187	8 ML ibuprofen 100 MG/ML Injection [Caldolor]
854800	diclofenac sodium 1 MG/ML
855626	Twice-Daily diclofenac epolamine 0.013 MG/MG Medicated Patch
855628	Twice-Daily diclofenac epolamine 0.013 MG/MG Medicated Patch [Flector]
855632	diclofenac sodium 0.01 MG/MG
855633	diclofenac sodium 0.01 MG/MG Topical Gel
855634	diclofenac sodium 0.01 MG/MG [Voltaren]
855635	diclofenac sodium 0.01 MG/MG Topical Gel [Voltaren]
855641	diclofenac sodium 0.03 MG/MG
855642	diclofenac sodium 0.03 MG/MG Topical Gel
855643	diclofenac sodium 0.03 MG/MG [Solaraze]
855644	diclofenac sodium 0.03 MG/MG Topical Gel [Solaraze]
855656	diclofenac sodium 100 MG
855657	24 HR diclofenac sodium 100 MG Extended Release Oral Tablet
855663	diclofenac sodium 25 MG
855664	diclofenac sodium 25 MG Delayed Release Oral Tablet
855681	diclofenac sodium 50 MG
855906	diclofenac sodium 50 MG Delayed Release Oral Tablet
855915	diclofenac sodium 75 MG
855926	diclofenac sodium 75 MG Delayed Release Oral Tablet
855941	diclofenac potassium 50 MG
855942	diclofenac potassium 50 MG Oral Tablet
855943	diclofenac potassium 50 MG [Cataflam]
855944	diclofenac potassium 50 MG Oral Tablet [Cataflam]
857688	diclofenac sodium 0.25 MG/ML
857689	diclofenac sodium 0.25 MG/ML Oral Solution
857696	diclofenac sodium 100 MG Rectal Suppository
857697	diclofenac sodium 12.5 MG
857698	diclofenac sodium 12.5 MG Rectal Suppository
857699	diclofenac sodium 15 MG/ML
857700	diclofenac sodium 15 MG/ML Topical Solution
857701	diclofenac potassium 25 MG
857702	diclofenac potassium 25 MG Oral Tablet
857703	diclofenac sodium 25 MG Rectal Suppository
857704	diclofenac sodium 25 MG/ML
857705	diclofenac sodium 25 MG/ML Injectable Solution
857709	diclofenac sodium 50 MG Rectal Suppository
857713	diclofenac sodium 75 MG Extended Release Oral Tablet
858115	fenoprofen 400 MG
858116	fenoprofen 400 MG Oral Capsule
858117	fenoprofen 400 MG [Nalfon]
858118	fenoprofen 400 MG Oral Capsule [Nalfon]
858342	diclofenac 25 MG Oral Capsule
858343	Zipsor
858345	diclofenac Oral Capsule [Zipsor]
858346	diclofenac 25 MG Oral Capsule [Zipsor]
858363	ketorolac tromethamine 4.5 MG/ML
858655	Cambia
859063	diclofenac potassium 50 MG Powder for Oral Solution
859066	diclofenac potassium 50 MG Powder for Oral Solution [Cambia]
860091	ketorolac tromethamine 15 MG/ML
860092	1 ML ketorolac tromethamine 15 MG/ML Injection
860095	ketorolac tromethamine 30 MG/ML
860096	ketorolac tromethamine 30 MG/ML Injectable Solution
860102	ketorolac tromethamine 4 MG/ML
860106	ketorolac tromethamine 5 MG/ML
860113	1 ML ketorolac tromethamine 15 MG/ML Prefilled Syringe
860114	1 ML ketorolac tromethamine 30 MG/ML Prefilled Syringe
860115	2 ML ketorolac tromethamine 30 MG/ML Prefilled Syringe
861845	ketorolac tromethamine 10 MG/ML
861846	ketorolac tromethamine 10 MG/ML Injectable Solution
863183	aspirin / caffeine / magnesium carbonate / magnesium salicylate Oral Tablet
863184	aspirin 360 MG / caffeine 75 MG / magnesium carbonate 100 MG / magnesium salicylate 60 MG Oral Tablet
863185	aspirin 410 MG
863186	aspirin 410 MG / caffeine 60 MG / salicylamide 30 MG Oral Tablet
884768	acetaminophen 250 MG / caffeine 50 MG / magnesium salicylate 290 MG [Backprin]
884769	acetaminophen / caffeine / magnesium salicylate Oral Tablet [Backprin]
884770	acetaminophen 250 MG / caffeine 50 MG / magnesium salicylate 290 MG Oral Tablet [Backprin]
889520	acetaminophen 300 MG / butalbital 50 MG / caffeine 40 MG Oral Capsule
891134	aspirin 15600 MG Oral Tablet
891136	aspirin 31200 MG Oral Tablet
892160	aspirin 3900 MG Oral Tablet
896884	aspirin 742 MG / caffeine 38 MG / salicylamide 222 MG Oral Powder
900431	Addaprin
900434	ibuprofen 200 MG Oral Tablet [Addaprin]
900435	Ultraprin
900438	ibuprofen 200 MG Oral Tablet [Ultraprin]
900527	aspirin / caffeine Oral Powder
900528	aspirin 850 MG / caffeine 65 MG Oral Powder
91796	naproxen Oral Tablet [Anaprox]
93416	naproxen Oral Suspension [Naprosyn]
93417	naproxen Oral Tablet [Naprosyn]
9518	salicylamide
967941	Pennsaid
967942	diclofenac sodium 15 MG/ML [Pennsaid]
967943	diclofenac Topical Solution [Pennsaid]
967944	diclofenac sodium 15 MG/ML Topical Solution [Pennsaid]
977953	esomeprazole / naproxen Delayed Release Oral Tablet
977957	esomeprazole / naproxen Delayed Release Oral Tablet [Vimovo]
992418	ketorolac tromethamine 15.8 MG/ACTUAT
992421	Sprix
992422	ketorolac tromethamine 15.8 MG/ACTUAT [Sprix]
994005	esomeprazole 20 MG / naproxen 375 MG Delayed Release Oral Tablet
994006	esomeprazole 20 MG / naproxen 375 MG [Vimovo]
994007	esomeprazole 20 MG / naproxen 375 MG Delayed Release Oral Tablet [Vimovo]
994008	esomeprazole 20 MG / naproxen 500 MG Delayed Release Oral Tablet
994009	esomeprazole 20 MG / naproxen 500 MG [Vimovo]
994010	esomeprazole 20 MG / naproxen 500 MG Delayed Release Oral Tablet [Vimovo]
994429	aspirin 1000 MG
994430	aspirin 1000 MG / caffeine 65 MG Oral Powder
994434	aspirin 845 MG
994435	aspirin 845 MG / caffeine 65 MG Oral Powder