1007785	fentanyl / sodium chloride
1008060	butalbital / caffeine / codeine
1008110	codeine / diclofenac
1009056	fentanyl / ropivacaine / sodium chloride
1010600	buprenorphine 2 MG / naloxone 0.5 MG Sublingual Film
1010601	buprenorphine 2 MG / naloxone 0.5 MG [Suboxone]
1010603	buprenorphine 2 MG / naloxone 0.5 MG Sublingual Film [Suboxone]
1010604	buprenorphine 8 MG / naloxone 2 MG Sublingual Film
1010605	buprenorphine 8 MG / naloxone 2 MG [Suboxone]
1010606	buprenorphine 8 MG / naloxone 2 MG Sublingual Film [Suboxone]
1014598	oxycodone hydrochloride 10 MG
1014599	acetaminophen 300 MG / oxycodone hydrochloride 10 MG Oral Tablet
1014614	oxycodone hydrochloride 5 MG
1014615	acetaminophen 300 MG / oxycodone hydrochloride 5 MG Oral Tablet
1014631	oxycodone hydrochloride 7.5 MG
1014632	acetaminophen 300 MG / oxycodone hydrochloride 7.5 MG Oral Tablet
1037258	oxycodone hydrochloride 2.5 MG
1037259	acetaminophen 300 MG / oxycodone hydrochloride 2.5 MG Oral Tablet
1044427	acetaminophen 20 MG/ML / hydrocodone bitartrate 0.667 MG/ML Oral Solution
1049214	acetaminophen 325 MG / oxycodone hydrochloride 10 MG Oral Tablet
1049215	acetaminophen 325 MG / oxycodone hydrochloride 10 MG [Endocet]
1049216	acetaminophen 325 MG / oxycodone hydrochloride 10 MG Oral Tablet [Endocet]
1049221	acetaminophen 325 MG / oxycodone hydrochloride 5 MG Oral Tablet
1049222	acetaminophen 325 MG / oxycodone hydrochloride 5 MG [Endocet]
1049223	acetaminophen 325 MG / oxycodone hydrochloride 5 MG Oral Tablet [Endocet]
1049225	acetaminophen 325 MG / oxycodone hydrochloride 7.5 MG Oral Tablet
1049226	acetaminophen 325 MG / oxycodone hydrochloride 7.5 MG [Endocet]
1049227	acetaminophen 325 MG / oxycodone hydrochloride 7.5 MG Oral Tablet [Endocet]
1049233	acetaminophen 500 MG / oxycodone hydrochloride 7.5 MG Oral Tablet
1049251	acetaminophen 400 MG / oxycodone hydrochloride 10 MG Oral Tablet
1049260	acetaminophen 400 MG / oxycodone hydrochloride 5 MG Oral Tablet
1049267	acetaminophen 400 MG / oxycodone hydrochloride 7.5 MG Oral Tablet
1049270	acetaminophen 650 MG / oxycodone hydrochloride 10 MG Oral Tablet
1049502	12 HR oxycodone hydrochloride 10 MG Extended Release Oral Tablet
1049503	oxycodone hydrochloride 10 MG [Oxycontin]
1049504	Abuse-Deterrent 12 HR oxycodone hydrochloride 10 MG Extended Release Oral Tablet [Oxycontin]
1049542	oxycodone hydrochloride 15 MG
1049543	12 HR oxycodone hydrochloride 15 MG Extended Release Oral Tablet
1049544	oxycodone hydrochloride 15 MG [Oxycontin]
1049545	Abuse-Deterrent 12 HR oxycodone hydrochloride 15 MG Extended Release Oral Tablet [Oxycontin]
1049562	oxycodone hydrochloride 20 MG
1049563	12 HR oxycodone hydrochloride 20 MG Extended Release Oral Tablet
1049564	oxycodone hydrochloride 20 MG [Oxycontin]
1049565	Abuse-Deterrent 12 HR oxycodone hydrochloride 20 MG Extended Release Oral Tablet [Oxycontin]
1049573	oxycodone hydrochloride 30 MG
1049574	12 HR oxycodone hydrochloride 30 MG Extended Release Oral Tablet
1049575	oxycodone hydrochloride 30 MG [Oxycontin]
1049576	Abuse-Deterrent 12 HR oxycodone hydrochloride 30 MG Extended Release Oral Tablet [Oxycontin]
1049579	oxycodone hydrochloride 1 MG/ML
1049580	acetaminophen 65 MG/ML / oxycodone hydrochloride 1 MG/ML Oral Solution
1049583	oxycodone hydrochloride 40 MG
1049584	12 HR oxycodone hydrochloride 40 MG Extended Release Oral Tablet
1049585	oxycodone hydrochloride 40 MG [Oxycontin]
1049586	Abuse-Deterrent 12 HR oxycodone hydrochloride 40 MG Extended Release Oral Tablet [Oxycontin]
1049589	ibuprofen 400 MG / oxycodone hydrochloride 5 MG Oral Tablet
1049592	oxycodone hydrochloride 60 MG
1049593	12 HR oxycodone hydrochloride 60 MG Extended Release Oral Tablet
1049594	oxycodone hydrochloride 60 MG [Oxycontin]
1049595	Abuse-Deterrent 12 HR oxycodone hydrochloride 60 MG Extended Release Oral Tablet [Oxycontin]
1049598	oxycodone hydrochloride 80 MG
1049599	12 HR oxycodone hydrochloride 80 MG Extended Release Oral Tablet
1049600	oxycodone hydrochloride 80 MG [Oxycontin]
1049601	Abuse-Deterrent 12 HR oxycodone hydrochloride 80 MG Extended Release Oral Tablet [Oxycontin]
1049604	oxycodone hydrochloride 1 MG/ML Oral Solution
1049611	oxycodone hydrochloride 15 MG Oral Tablet
1049612	oxycodone hydrochloride 15 MG [Roxicodone]
1049613	oxycodone hydrochloride 15 MG Oral Tablet [Roxicodone]
1049614	oxycodone hydrochloride 20 MG/ML
1049615	oxycodone hydrochloride 20 MG/ML Oral Solution
1049618	oxycodone hydrochloride 30 MG Oral Tablet
1049619	oxycodone hydrochloride 30 MG [Roxicodone]
1049620	oxycodone hydrochloride 30 MG Oral Tablet [Roxicodone]
1049621	oxycodone hydrochloride 5 MG Oral Tablet
1049622	oxycodone hydrochloride 5 MG [Roxicodone]
1049623	oxycodone hydrochloride 5 MG Oral Tablet [Roxicodone]
1049624	acetaminophen 325 MG / oxycodone hydrochloride 10 MG [Percocet]
1049625	acetaminophen 325 MG / oxycodone hydrochloride 10 MG Oral Tablet [Percocet]
1049635	acetaminophen 325 MG / oxycodone hydrochloride 2.5 MG Oral Tablet
1049636	acetaminophen 325 MG / oxycodone hydrochloride 2.5 MG [Percocet]
1049637	acetaminophen 325 MG / oxycodone hydrochloride 2.5 MG Oral Tablet [Percocet]
1049639	acetaminophen 325 MG / oxycodone hydrochloride 5 MG [Percocet]
1049640	acetaminophen 325 MG / oxycodone hydrochloride 5 MG Oral Tablet [Percocet]
1049641	acetaminophen 325 MG / oxycodone hydrochloride 7.5 MG [Percocet]
1049642	acetaminophen 325 MG / oxycodone hydrochloride 7.5 MG Oral Tablet [Percocet]
1049651	acetaminophen 500 MG / oxycodone hydrochloride 10 MG Oral Tablet
1049658	acetaminophen 500 MG / oxycodone hydrochloride 5 MG Oral Capsule
104966	dihydrocodeine bitartrate
1049683	oxycodone hydrochloride 10 MG Oral Tablet
1049686	oxycodone hydrochloride 20 MG Oral Tablet
1049696	oxycodone hydrochloride 5 MG Oral Capsule
1049717	oxycodone hydrochloride 10 MG Oral Capsule
1049718	oxycodone hydrochloride 10 MG/ML
1049719	oxycodone hydrochloride 10 MG/ML Injectable Solution
1049720	oxycodone hydrochloride 10 MG/ML Oral Solution
1049721	oxycodone hydrochloride 20 MG Oral Capsule
1049727	oxycodone hydrochloride 5 MG Extended Release Oral Tablet
104973	pentazocine hydrochloride
1053646	fentanyl Sublingual Tablet
1053647	fentanyl 0.1 MG Sublingual Tablet
1053648	Abstral
1053649	fentanyl 0.1 MG [Abstral]
1053650	fentanyl Sublingual Tablet [Abstral]
1053651	fentanyl 0.1 MG Sublingual Tablet [Abstral]
1053652	fentanyl 0.2 MG Sublingual Tablet
1053653	fentanyl 0.2 MG [Abstral]
1053654	fentanyl 0.2 MG Sublingual Tablet [Abstral]
1053655	fentanyl 0.3 MG Sublingual Tablet
1053656	fentanyl 0.3 MG [Abstral]
1053657	fentanyl 0.3 MG Sublingual Tablet [Abstral]
1053658	fentanyl 0.4 MG Sublingual Tablet
1053659	fentanyl 0.4 MG [Abstral]
1053660	fentanyl 0.4 MG Sublingual Tablet [Abstral]
1053661	fentanyl 0.6 MG Sublingual Tablet
1053662	fentanyl 0.6 MG [Abstral]
1053663	fentanyl 0.6 MG Sublingual Tablet [Abstral]
1053664	fentanyl 0.8 MG Sublingual Tablet
1053665	fentanyl 0.8 MG [Abstral]
1053666	fentanyl 0.8 MG Sublingual Tablet [Abstral]
106841	morphine Oral Solution
10689	tramadol
1113314	oxycodone hydrochloride 7.5 MG Oral Tablet
1115544	fentanyl 0.1 MG/ACTUAT
1115547	Lazanda
1115548	fentanyl 0.1 MG/ACTUAT [Lazanda]
1115573	fentanyl 0.1 MG/ACTUAT Metered Dose Nasal Spray
1115575	fentanyl 0.1 MG/ACTUAT Metered Dose Nasal Spray [Lazanda]
1115576	fentanyl 0.4 MG/ACTUAT
1115577	fentanyl 0.4 MG/ACTUAT Metered Dose Nasal Spray
1115578	fentanyl 0.4 MG/ACTUAT [Lazanda]
1115579	fentanyl 0.4 MG/ACTUAT Metered Dose Nasal Spray [Lazanda]
1148478	24 HR tramadol hydrochloride 100 MG Extended Release Oral Capsule
1148479	ConZip
1148480	tramadol hydrochloride 100 MG [ConZip]
1148481	tramadol Extended Release Oral Capsule [ConZip]
1148482	24 HR tramadol hydrochloride 100 MG Extended Release Oral Capsule [ConZip]
1148485	24 HR tramadol hydrochloride 200 MG Extended Release Oral Capsule
1148486	tramadol hydrochloride 200 MG [ConZip]
1148487	24 HR tramadol hydrochloride 200 MG Extended Release Oral Capsule [ConZip]
1148489	24 HR tramadol hydrochloride 300 MG Extended Release Oral Capsule
1148490	tramadol hydrochloride 300 MG [ConZip]
1148491	24 HR tramadol hydrochloride 300 MG Extended Release Oral Capsule [ConZip]
1148796	tapentadol Extended Release Oral Tablet
1148797	12 HR tapentadol 100 MG Extended Release Oral Tablet
1148799	tapentadol 150 MG
1148800	12 HR tapentadol 150 MG Extended Release Oral Tablet
1148802	tapentadol 200 MG
1148803	12 HR tapentadol 200 MG Extended Release Oral Tablet
1148805	tapentadol 250 MG
1148807	12 HR tapentadol 250 MG Extended Release Oral Tablet
1148809	12 HR tapentadol 50 MG Extended Release Oral Tablet
1149366	tapentadol Extended Release Oral Tablet [Nucynta]
1149367	12 HR tapentadol 100 MG Extended Release Oral Tablet [Nucynta]
1149369	tapentadol 150 MG [Nucynta]
1149370	12 HR tapentadol 150 MG Extended Release Oral Tablet [Nucynta]
1149372	tapentadol 200 MG [Nucynta]
1149373	12 HR tapentadol 200 MG Extended Release Oral Tablet [Nucynta]
1149375	tapentadol 250 MG [Nucynta]
1149376	12 HR tapentadol 250 MG Extended Release Oral Tablet [Nucynta]
1149378	12 HR tapentadol 50 MG Extended Release Oral Tablet [Nucynta]
1151359	buprenorphine / naloxone Oral Product
1151360	buprenorphine / naloxone Pill
1151361	buprenorphine Injectable Product
1151362	buprenorphine Oral Product
1151363	buprenorphine Pill
1151364	buprenorphine Topical Product
1151378	butorphanol Inhalant Product
1151379	butorphanol Injectable Product
1151380	butorphanol Nasal Product
1151548	acetaminophen / hydrocodone Oral Liquid Product
1151549	acetaminophen / hydrocodone Oral Product
1151550	acetaminophen / hydrocodone Pill
1151899	acetaminophen / oxycodone Oral Liquid Product
1151900	acetaminophen / oxycodone Oral Product
1151901	acetaminophen / oxycodone Pill
1151902	acetaminophen / pentazocine Oral Product
1151903	acetaminophen / pentazocine Pill
1151927	acetaminophen / propoxyphene Oral Product
1151928	acetaminophen / propoxyphene Pill
1152238	acetaminophen / tramadol Oral Product
1152239	acetaminophen / tramadol Pill
1152250	acetaminophen / butalbital / caffeine / codeine Oral Product
1152251	acetaminophen / butalbital / caffeine / codeine Pill
1152539	acetaminophen / dihydrocodeine Oral Product
1152540	acetaminophen / dihydrocodeine Pill
1153233	aspirin / caffeine / propoxyphene Oral Product
1153234	aspirin / caffeine / propoxyphene Pill
1153517	aspirin / caffeine / dihydrocodeine Oral Product
1153518	aspirin / caffeine / dihydrocodeine Pill
1153529	aspirin / carisoprodol / codeine Oral Product
1153530	aspirin / carisoprodol / codeine Pill
1153552	aspirin / codeine Oral Product
1153719	aspirin / codeine Pill
1153735	aspirin / hydrocodone Oral Product
1153736	aspirin / hydrocodone Pill
1153749	aspirin / oxycodone Oral Product
1153750	aspirin / oxycodone Pill
1154056	aspirin / butalbital / caffeine / codeine Oral Product
1154057	aspirin / butalbital / caffeine / codeine Pill
1154570	acetaminophen / caffeine / codeine Oral Product
1154590	acetaminophen / caffeine / dihydrocodeine Oral Product
1154591	acetaminophen / caffeine / dihydrocodeine Pill
1154818	codeine / ibuprofen Oral Product
1154819	codeine / ibuprofen Pill
1155184	codeine Oral Liquid Product
1155185	codeine Oral Product
1155186	codeine Pill
1155597	acetaminophen / codeine Oral Liquid Product
1155598	acetaminophen / codeine Oral Product
1155599	acetaminophen / codeine Pill
1156360	morphine Injectable Product
1156362	morphine Oral Liquid Product
1156363	morphine Oral Product
1156364	morphine Pill
1156365	morphine Rectal Product
1156970	nalbuphine Injectable Product
1156976	naloxone / pentazocine Oral Product
1156977	naloxone / pentazocine Pill
1157660	tramadol Injectable Product
1157661	tramadol Oral Liquid Product
1157662	tramadol Oral Product
1157663	tramadol Pill
1158923	dihydrocodeine Injectable Product
1158924	dihydrocodeine Oral Liquid Product
1158925	dihydrocodeine Oral Product
1158926	dihydrocodeine Pill
1159054	fentanyl / ropivacaine Injectable Product
1159055	fentanyl Inhalant Product
1159056	fentanyl Injectable Product
1159057	fentanyl Nasal Product
1159058	fentanyl Oral Product
1159059	fentanyl Pill
1159060	fentanyl Topical Product
1160875	tapentadol Oral Product
1160876	tapentadol Pill
1161619	methadone Injectable Product
1161620	methadone Oral Liquid Product
1161621	methadone Oral Product
1161622	methadone Pill
1161680	oxycodone Injectable Product
1161681	oxycodone Oral Liquid Product
1161682	oxycodone Oral Product
1161683	oxycodone Pill
1162252	oxymorphone Oral Product
1162253	oxymorphone Pill
1162788	hydrocodone / ibuprofen Oral Product
1162789	hydrocodone / ibuprofen Pill
1162932	propoxyphene Oral Product
1162933	propoxyphene Pill
1163405	hydrocodone Oral Product
1163406	hydrocodone Pill
1163479	levorphanol Injectable Product
1163480	levorphanol Oral Product
1163481	levorphanol Pill
1164618	hydromorphone Injectable Product
1164619	hydromorphone Oral Liquid Product
1164620	hydromorphone Oral Product
1164621	hydromorphone Pill
1164622	hydromorphone Rectal Product
1164783	pentazocine Injectable Product
1164784	pentazocine Oral Product
1164785	pentazocine Pill
1164786	pentazocine Rectal Product
1165305	ibuprofen / oxycodone Oral Product
1165306	ibuprofen / oxycodone Pill
1165401	morphine / naltrexone Oral Product
1165402	morphine / naltrexone Pill
1165961	Abstral Oral Product
1165962	Abstral Pill
1166500	Fentora Oral Product
1166501	Fentora Pill
1168053	BuTrans Topical Product
1168113	ConZip Oral Product
1168114	ConZip Pill
1168205	Duragesic Topical Product
1168222	Duramorph Injectable Product
1168324	Fioricet with Codeine Oral Product
1168325	Fioricet with Codeine Pill
1168543	Kadian Oral Product
1168544	Kadian Pill
1168687	Buprenex Injectable Product
1168868	Dilaudid Injectable Product
1168869	Dilaudid Oral Liquid Product
1168870	Dilaudid Oral Product
1168871	Dilaudid Pill
1169909	Actiq Oral Product
1171456	Ascomp Oral Product
1171457	Ascomp Pill
1172717	Hycet Oral Liquid Product
1172718	Hycet Oral Product
1172763	Infumorph Injectable Product
1173375	Hycodan Oral Liquid Product
1173376	Hycodan Oral Product
1173377	Hycodan Pill
1174579	Dolorex Solution Injectable Product
1176279	Lazanda Inhalant Product
1176280	Lazanda Nasal Product
1176580	Endocet Pill
1176583	Endocet Oral Product
1176591	Endodan Reformulated May 2009 Oral Product
1176592	Endodan Reformulated May 2009 Pill
1177023	Oxycontin Oral Product
1177024	Oxycontin Pill
1178796	Nucynta Oral Product
1178797	Nucynta Pill
1179687	Trezix Oral Product
1179688	Trezix Pill
1180238	Suboxone Oral Product
1180308	Lortab Oral Product
1180309	Lortab Pill
1180310	Lortab Oral Liquid Product
1181342	Reprexain Oral Product
1181345	Reprexain Pill
1182579	Roxicodone Oral Product
1182580	Roxicodone Pill
1184943	MS Contin Oral Product
1184944	MS Contin Pill
1185115	Norco Oral Product
1185116	Norco Pill
1185228	Percocet Oral Product
1185658	Methadose Oral Liquid Product
1185659	Methadose Oral Product
1185660	Methadose Pill
1185784	Percocet Pill
1186574	Vicoprofen Oral Product
1186575	Vicoprofen Pill
1187023	Zamicet Oral Liquid Product
1187024	Zamicet Oral Product
1187503	Tylenol with Codeine Pill
1187505	Tylenol with Codeine Oral Product
1187712	Ultracet Oral Product
1187713	Ultracet Pill
1187716	Ultram Oral Product
1187717	Ultram Pill
1190194	dihydrocodeine bitartrate 16 MG
1190201	acetaminophen 320.5 MG / caffeine 30 MG / dihydrocodeine bitartrate 16 MG Oral Capsule [Trezix]
1233687	fentanyl 0.004 MG/ML / ropivacaine hydrochloride 2 MG/ML Injectable Solution
1234872	aspirin 356.4 MG / caffeine 30 MG / dihydrocodeine bitartrate 16 MG Oral Capsule
1234977	dihydrocodeine bitartrate 32 MG
1234978	acetaminophen 712.8 MG / caffeine 60 MG / dihydrocodeine bitartrate 32 MG Oral Tablet
1234997	dihydrocodeine bitartrate 10 MG
1234999	acetaminophen 500 MG / dihydrocodeine bitartrate 10 MG Oral Tablet
1235008	dihydrocodeine bitartrate 20 MG
1235009	acetaminophen 500 MG / dihydrocodeine bitartrate 20 MG Oral Tablet
1235010	dihydrocodeine bitartrate 30 MG
1235011	acetaminophen 500 MG / dihydrocodeine bitartrate 30 MG Oral Tablet
1236178	dihydrocodeine bitartrate 120 MG
1236179	dihydrocodeine bitartrate 120 MG Extended Release Oral Tablet
1236182	dihydrocodeine bitartrate 30 MG Oral Tablet
1236183	dihydrocodeine bitartrate 40 MG
1236184	dihydrocodeine bitartrate 40 MG Oral Tablet
1236187	dihydrocodeine bitartrate 60 MG
1236188	dihydrocodeine bitartrate 60 MG Extended Release Oral Tablet
1236189	dihydrocodeine bitartrate 90 MG
1236190	dihydrocodeine bitartrate 90 MG Extended Release Oral Tablet
1236214	dihydrocodeine bitartrate 10 MG Oral Tablet
1236217	dihydrocodeine bitartrate 2.42 MG/ML
1236218	dihydrocodeine bitartrate 2.42 MG/ML Oral Solution
1237048	fentanyl Mucosal Product
1237049	fentanyl Mucosal Spray
1237050	fentanyl 0.1 MG/ACTUAT Mucosal Spray
1237051	Subsys
1237052	fentanyl 0.1 MG/ACTUAT [Subsys]
1237053	fentanyl Mucosal Spray [Subsys]
1237054	Subsys Mucosal Product
1237055	fentanyl 0.1 MG/ACTUAT Mucosal Spray [Subsys]
1237056	fentanyl 0.2 MG/ACTUAT
1237057	fentanyl 0.2 MG/ACTUAT Mucosal Spray
1237058	fentanyl 0.2 MG/ACTUAT [Subsys]
1237059	fentanyl 0.2 MG/ACTUAT Mucosal Spray [Subsys]
1237060	fentanyl 0.4 MG/ACTUAT Mucosal Spray
1237061	fentanyl 0.4 MG/ACTUAT [Subsys]
1237062	fentanyl 0.4 MG/ACTUAT Mucosal Spray [Subsys]
1237063	fentanyl 0.6 MG/ACTUAT
1237064	fentanyl 0.6 MG/ACTUAT Mucosal Spray
1237065	fentanyl 0.6 MG/ACTUAT [Subsys]
1237066	fentanyl 0.6 MG/ACTUAT Mucosal Spray [Subsys]
1237067	fentanyl 0.8 MG/ACTUAT
1237068	fentanyl 0.8 MG/ACTUAT Mucosal Spray
1237069	fentanyl 0.8 MG/ACTUAT [Subsys]
1237070	fentanyl 0.8 MG/ACTUAT Mucosal Spray [Subsys]
1248115	24 HR tramadol hydrochloride 150 MG Extended Release Oral Capsule
1294774	fentanyl Lozenge Product
1294794	fentanyl Transdermal Product
1294831	buprenorphine / naloxone Sublingual Product
1294974	fentanyl Sublingual Product
1295116	buprenorphine Sublingual Product
1295170	fentanyl Buccal Product
1295269	buprenorphine Transdermal Product
1295674	tramadol Disintegrating Oral Product
1295970	Actiq Lozenge Product
1296074	Abstral Sublingual Product
1296477	BuTrans Transdermal Product
1296815	Duragesic Transdermal Product
1296911	Fentora Buccal Product
1297024	Suboxone Sublingual Product
1302738	butorphanol 10 MG/ML
1302739	butorphanol 10 MG/ML Injectable Solution
1302740	butorphanol 10 MG/ML [Dolorex Solution]
1302741	butorphanol 10 MG/ML Injectable Solution [Dolorex Solution]
1303735	morphine sulfate 40 MG
1303736	morphine sulfate 40 MG Extended Release Oral Capsule
1306898	24 HR hydromorphone hydrochloride 32 MG Extended Release Oral Tablet
1307054	buprenorphine 4 MG
1307056	buprenorphine 4 MG / naloxone 1 MG Sublingual Film
1307057	buprenorphine 4 MG / naloxone 1 MG [Suboxone]
1307058	buprenorphine 4 MG / naloxone 1 MG Sublingual Film [Suboxone]
1307059	buprenorphine 12 MG
1307061	buprenorphine 12 MG / naloxone 3 MG Sublingual Film
1307062	buprenorphine 12 MG / naloxone 3 MG [Suboxone]
1307063	buprenorphine 12 MG / naloxone 3 MG Sublingual Film [Suboxone]
135095	aspirin / codeine
1356312	tapentadol 20 MG/ML
1356313	tapentadol Oral Liquid Product
1356314	tapentadol Oral Solution
1356315	tapentadol 20 MG/ML Oral Solution
1372693	Ascomp
142436	fentanyl citrate
142439	hydrocodone bitartrate
1431074	buprenorphine 1.4 MG
1431076	buprenorphine 1.4 MG / naloxone 0.36 MG Sublingual Tablet
1431077	Zubsolv
1431078	buprenorphine 1.4 MG / naloxone 0.36 MG [Zubsolv]
1431079	buprenorphine / naloxone Sublingual Tablet [Zubsolv]
1431080	Zubsolv Oral Product
1431081	Zubsolv Pill
1431082	Zubsolv Sublingual Product
1431083	buprenorphine 1.4 MG / naloxone 0.36 MG Sublingual Tablet [Zubsolv]
1431099	buprenorphine 5.7 MG
1431102	buprenorphine 5.7 MG / naloxone 1.4 MG Sublingual Tablet
1431103	buprenorphine 5.7 MG / naloxone 1.4 MG [Zubsolv]
1431104	buprenorphine 5.7 MG / naloxone 1.4 MG Sublingual Tablet [Zubsolv]
1431286	acetaminophen 300 MG / butalbital 50 MG / caffeine 40 MG / codeine phosphate 30 MG Oral Capsule
1432968	buprenorphine 0.015 MG/HR
1432969	168 HR buprenorphine 0.015 MG/HR Transdermal System
1432970	buprenorphine 0.015 MG/HR [BuTrans]
1432971	168 HR buprenorphine 0.015 MG/HR Transdermal System [BuTrans]
1433251	0.5 ML hydromorphone hydrochloride 1 MG/ML Prefilled Syringe
1433801	acetaminophen 300 MG / butalbital 50 MG / caffeine 40 MG / codeine phosphate 30 MG [Fioricet with Codeine]
1433802	acetaminophen 300 MG / butalbital 50 MG / caffeine 40 MG / codeine phosphate 30 MG Oral Capsule [Fioricet with Codeine]
1442444	acetaminophen 20 MG/ML / hydrocodone bitartrate 0.667 MG/ML [Lortab]
1442445	acetaminophen 20 MG/ML / hydrocodone bitartrate 0.667 MG/ML Oral Solution [Lortab]
1442529	hydrocodone bitartrate 15 MG
1442533	hydrocodone bitartrate 20 MG
1442537	hydrocodone bitartrate 30 MG
144254	Lortab
1442541	hydrocodone bitartrate 40 MG
1442545	hydrocodone bitartrate 50 MG
1442790	1 ML morphine sulfate 5 MG/ML Prefilled Syringe
1487287	acetaminophen 325 MG / oxycodone hydrochloride 2.5 MG [Endocet]
1487288	acetaminophen 325 MG / oxycodone hydrochloride 2.5 MG Oral Tablet [Endocet]
1489990	Torbugesic Injectable Product
1495471	acetaminophen 325 MG / hydrocodone bitartrate 10 MG [Lortab]
1495472	acetaminophen 325 MG / hydrocodone bitartrate 10 MG Oral Tablet [Lortab]
1495473	acetaminophen 325 MG / hydrocodone bitartrate 5 MG [Lortab]
1495474	acetaminophen 325 MG / hydrocodone bitartrate 5 MG Oral Tablet [Lortab]
1495475	acetaminophen 325 MG / hydrocodone bitartrate 7.5 MG [Lortab]
1495476	acetaminophen 325 MG / hydrocodone bitartrate 7.5 MG Oral Tablet [Lortab]
151196	acetaminophen / dihydrocodeine
151678	Duragesic
152751	Methadose
1536456	acetaminophen / codeine Effervescent Oral Tablet
1536457	acetaminophen 500 MG / codeine phosphate 8 MG Effervescent Oral Tablet
1536459	acetaminophen 500 MG / codeine phosphate 30 MG Effervescent Oral Tablet
153973	levorphanol tartrate
1542386	buprenorphine 2.1 MG
1542388	buprenorphine / naloxone Buccal Product
1542389	buprenorphine / naloxone Buccal Film
1542390	buprenorphine 2.1 MG / naloxone 0.3 MG Buccal Film
1542391	Bunavail
1542392	buprenorphine 2.1 MG / naloxone 0.3 MG [Bunavail]
1542393	buprenorphine / naloxone Buccal Film [Bunavail]
1542394	Bunavail Buccal Product
1542395	Bunavail Oral Product
1542396	buprenorphine 2.1 MG / naloxone 0.3 MG Buccal Film [Bunavail]
1542518	buprenorphine 6.3 MG
1542976	Verdrocet
1542977	acetaminophen 325 MG / hydrocodone bitartrate 2.5 MG [Verdrocet]
1542978	acetaminophen / hydrocodone Oral Tablet [Verdrocet]
1542979	Verdrocet Oral Product
1542980	Verdrocet Pill
1542981	acetaminophen 325 MG / hydrocodone bitartrate 2.5 MG Oral Tablet [Verdrocet]
1542996	buprenorphine 0.0075 MG/HR
1542997	168 HR buprenorphine 0.0075 MG/HR Transdermal System
1542998	buprenorphine 0.0075 MG/HR [BuTrans]
1542999	168 HR buprenorphine 0.0075 MG/HR Transdermal System [BuTrans]
1544849	buprenorphine 4.2 MG
1544851	buprenorphine 4.2 MG / naloxone 0.7 MG Buccal Film
1544852	buprenorphine 4.2 MG / naloxone 0.7 MG [Bunavail]
1544853	buprenorphine 4.2 MG / naloxone 0.7 MG Buccal Film [Bunavail]
1544854	buprenorphine 6.3 MG / naloxone 1 MG Buccal Film
1544855	buprenorphine 6.3 MG / naloxone 1 MG [Bunavail]
1544856	buprenorphine 6.3 MG / naloxone 1 MG Buccal Film [Bunavail]
1545899	naloxone / oxycodone Oral Product
1545902	naloxone / oxycodone
154985	nalbuphine hydrochloride
1594649	buprenorphine 1.8 MG/ML
1594650	buprenorphine 1.8 MG/ML Injectable Solution
1594651	Simbadol
1594652	buprenorphine 1.8 MG/ML [Simbadol]
1594653	buprenorphine Injectable Solution [Simbadol]
1594654	Simbadol Injectable Product
1594655	buprenorphine 1.8 MG/ML Injectable Solution [Simbadol]
1595731	Hysingla
1595733	hydrocodone Extended Release Oral Tablet [Hysingla]
1595734	Hysingla Oral Product
1595735	Hysingla Pill
1595736	Abuse-Deterrent 24 HR hydrocodone bitartrate 20 MG Extended Release Oral Tablet [Hysingla]
1595742	Abuse-Deterrent 24 HR hydrocodone bitartrate 30 MG Extended Release Oral Tablet [Hysingla]
1595748	Abuse-Deterrent 24 HR hydrocodone bitartrate 40 MG Extended Release Oral Tablet [Hysingla]
1595754	Abuse-Deterrent 24 HR hydrocodone bitartrate 60 MG Extended Release Oral Tablet [Hysingla]
1595760	Abuse-Deterrent 24 HR hydrocodone bitartrate 80 MG Extended Release Oral Tablet [Hysingla]
1595766	Abuse-Deterrent 24 HR hydrocodone bitartrate 100 MG Extended Release Oral Tablet [Hysingla]
1595772	Abuse-Deterrent 24 HR hydrocodone bitartrate 120 MG Extended Release Oral Tablet [Hysingla]
1596108	acetaminophen 320.5 MG / caffeine 30 MG / dihydrocodeine bitartrate 16 MG Oral Capsule
1597136	acetaminophen 320.5 MG / caffeine 30 MG / dihydrocodeine bitartrate 16 MG [Trezix]
1597566	buprenorphine 11.4 MG
1597568	buprenorphine 11.4 MG / naloxone 2.9 MG Sublingual Tablet
1597569	buprenorphine 11.4 MG / naloxone 2.9 MG [Zubsolv]
1597570	buprenorphine 11.4 MG / naloxone 2.9 MG Sublingual Tablet [Zubsolv]
1597571	buprenorphine 8.6 MG
1597573	buprenorphine 8.6 MG / naloxone 2.1 MG Sublingual Tablet
1597574	buprenorphine 8.6 MG / naloxone 2.1 MG [Zubsolv]
1597575	buprenorphine 8.6 MG / naloxone 2.1 MG Sublingual Tablet [Zubsolv]
159821	oxycodone terephthalate
1603494	fentanyl 0.0375 MG/HR
1603495	72 HR fentanyl 0.0375 MG/HR Transdermal System
1603497	fentanyl 0.0625 MG/HR
1603498	72 HR fentanyl 0.0625 MG/HR Transdermal System
1603500	fentanyl 0.0875 MG/HR
1603501	72 HR fentanyl 0.0875 MG/HR Transdermal System
1652097	fentanyl hydrochloride
1655031	buprenorphine Cartridge
1655032	1 ML buprenorphine 0.3 MG/ML Cartridge
1664443	Oxaydo
1664444	oxycodone hydrochloride 5 MG [Oxaydo]
1664445	oxycodone Oral Tablet [Oxaydo]
1664446	Oxaydo Oral Product
1664447	Oxaydo Pill
1664448	oxycodone hydrochloride 5 MG Oral Tablet [Oxaydo]
1664633	oxycodone hydrochloride 7.5 MG [Oxaydo]
1664634	oxycodone hydrochloride 7.5 MG Oral Tablet [Oxaydo]
1666336	buprenorphine 2.9 MG
1666338	buprenorphine 2.9 MG / naloxone 0.71 MG Sublingual Tablet
1666384	buprenorphine 2.9 MG / naloxone 0.71 MG [Zubsolv]
1666385	buprenorphine 2.9 MG / naloxone 0.71 MG Sublingual Tablet [Zubsolv]
1666831	80 ACTUAT fentanyl 0.04 MG/ACTUAT Transdermal System
1716054	buprenorphine 0.15 MG
1716055	buprenorphine Buccal Product
1716056	buprenorphine Buccal Film
1716057	buprenorphine 0.15 MG Buccal Film
1716058	Belbuca
1716059	buprenorphine 0.15 MG [Belbuca]
1716060	buprenorphine Buccal Film [Belbuca]
1716061	Belbuca Buccal Product
1716062	Belbuca Oral Product
1716063	buprenorphine 0.15 MG Buccal Film [Belbuca]
1716064	buprenorphine 0.3 MG
1716065	buprenorphine 0.3 MG Buccal Film
1716066	buprenorphine 0.3 MG [Belbuca]
1716067	buprenorphine 0.3 MG Buccal Film [Belbuca]
1716068	buprenorphine 0.45 MG
1716069	buprenorphine 0.45 MG Buccal Film
1716070	buprenorphine 0.45 MG [Belbuca]
1716071	buprenorphine 0.45 MG Buccal Film [Belbuca]
1716072	buprenorphine 0.6 MG
1716073	buprenorphine 0.6 MG Buccal Film
1716074	buprenorphine 0.6 MG [Belbuca]
1716075	buprenorphine 0.6 MG Buccal Film [Belbuca]
1716076	buprenorphine 0.075 MG
1716077	buprenorphine 0.075 MG Buccal Film
1716078	buprenorphine 0.075 MG [Belbuca]
1716079	buprenorphine 0.075 MG Buccal Film [Belbuca]
1716080	buprenorphine 0.75 MG
1716081	buprenorphine 0.75 MG Buccal Film
1716082	buprenorphine 0.75 MG [Belbuca]
1716083	buprenorphine 0.75 MG Buccal Film [Belbuca]
1716084	buprenorphine 0.9 MG
1716086	buprenorphine 0.9 MG Buccal Film
1716087	buprenorphine 0.9 MG [Belbuca]
1716090	buprenorphine 0.9 MG Buccal Film [Belbuca]
1724190	hydromorphone Cartridge
1724207	hydromorphone Injection
1724276	1 ML hydromorphone hydrochloride 2 MG/ML Injection
1724338	1 ML hydromorphone hydrochloride 10 MG/ML Injection
1724340	5 ML hydromorphone hydrochloride 10 MG/ML Injection
1724341	50 ML hydromorphone hydrochloride 10 MG/ML Injection
1724383	1 ML hydromorphone hydrochloride 1 MG/ML Cartridge
1724644	1 ML hydromorphone hydrochloride 2 MG/ML Cartridge
1728350	butorphanol Injection
1728351	1 ML butorphanol tartrate 2 MG/ML Injection
1728355	2 ML butorphanol tartrate 2 MG/ML Injection
1728776	morphine Injection
1728783	10 ML morphine sulfate 0.5 MG/ML Injection
1728791	2 ML morphine sulfate 0.5 MG/ML Injection
1728794	morphine Injection [Duramorph]
1728800	10 ML morphine sulfate 1 MG/ML Injection
1728805	2 ML morphine sulfate 1 MG/ML Injection
1728999	30 ML morphine sulfate 1 MG/ML Injection
1729196	morphine Cartridge
1729197	1 ML morphine sulfate 2 MG/ML Cartridge
1729319	fentanyl 0.3 MG/ACTUAT
1729320	fentanyl 0.3 MG/ACTUAT Metered Dose Nasal Spray
1729321	fentanyl 0.3 MG/ACTUAT [Lazanda]
1729322	fentanyl 0.3 MG/ACTUAT Metered Dose Nasal Spray [Lazanda]
1729358	buprenorphine Injection
1729360	buprenorphine Injection [Buprenex]
1731520	4 ML morphine sulfate 25 MG/ML Injection
1731522	20 ML morphine sulfate 25 MG/ML Injection
1731523	morphine Injection [Infumorph]
1731537	20 ML morphine sulfate 50 MG/ML Injection
1731545	50 ML morphine sulfate 50 MG/ML Injection
1731577	morphine Auto-Injector
1731990	1.5 ML morphine sulfate liposomal 10 MG/ML Injection
1731993	1 ML morphine sulfate 10 MG/ML Injection
1731995	1 ML morphine sulfate 10 MG/ML Cartridge
1731998	20 ML morphine sulfate 10 MG/ML Injection
1731999	20 ML morphine sulfate 10 MG/ML Injection [Infumorph]
1732003	1 ML morphine sulfate 8 MG/ML Cartridge
1732006	1 ML morphine sulfate 4 MG/ML Injection
1732011	1 ML morphine sulfate 8 MG/ML Injection
1732014	1 ML morphine sulfate 4 MG/ML Cartridge
1732136	1 ML morphine sulfate 5 MG/ML Injection
1732138	30 ML morphine sulfate 5 MG/ML Injection
1733080	1 ML morphine sulfate 15 MG/ML Cartridge
1735003	2 ML fentanyl 0.05 MG/ML Injection
1735006	10 ML fentanyl 0.05 MG/ML Injection
1735007	5 ML fentanyl 0.05 MG/ML Injection
1735008	20 ML fentanyl 0.05 MG/ML Injection
1735013	50 ML fentanyl 0.05 MG/ML Injection
1740007	{2 (fentanyl 0.6 MG/ACTUAT Mucosal Spray) } Pack
1740008	{2 (fentanyl 0.6 MG/ACTUAT Mucosal Spray [Subsys]) } Pack [Subsys 1200 MCG]
1740009	{2 (fentanyl 0.8 MG/ACTUAT Mucosal Spray) } Pack
1740010	{2 (fentanyl 0.8 MG/ACTUAT Mucosal Spray [Subsys]) } Pack [Subsys 1600 MCG]
1790525	oxycodone 9 MG
1790526	oxycodone Extended Release Oral Capsule
1790527	Abuse-Deterrent 12 HR oxycodone 9 MG Extended Release Oral Capsule
1790528	Xtampza
1790529	oxycodone 9 MG [Xtampza]
1790530	oxycodone Extended Release Oral Capsule [Xtampza]
1790531	Xtampza Oral Product
1790532	Xtampza Pill
1790533	Abuse-Deterrent 12 HR oxycodone 9 MG Extended Release Oral Capsule [Xtampza]
1791557	oxycodone 13.5 MG
1791558	Abuse-Deterrent 12 HR oxycodone 13.5 MG Extended Release Oral Capsule
1791559	oxycodone 13.5 MG [Xtampza]
1791560	Abuse-Deterrent 12 HR oxycodone 13.5 MG Extended Release Oral Capsule [Xtampza]
1791566	oxycodone 18 MG
1791567	Abuse-Deterrent 12 HR oxycodone 18 MG Extended Release Oral Capsule
1791568	oxycodone 18 MG [Xtampza]
1791569	Abuse-Deterrent 12 HR oxycodone 18 MG Extended Release Oral Capsule [Xtampza]
1791573	oxycodone 27 MG
1791574	Abuse-Deterrent 12 HR oxycodone 27 MG Extended Release Oral Capsule
1791575	oxycodone 27 MG [Xtampza]
1791576	Abuse-Deterrent 12 HR oxycodone 27 MG Extended Release Oral Capsule [Xtampza]
1791579	oxycodone 36 MG
1791580	Abuse-Deterrent 12 HR oxycodone 36 MG Extended Release Oral Capsule
1791581	oxycodone 36 MG [Xtampza]
1791582	Abuse-Deterrent 12 HR oxycodone 36 MG Extended Release Oral Capsule [Xtampza]
1797647	buprenorphine 74.2 MG
1797648	buprenorphine Drug Implant Product
1797649	buprenorphine Drug Implant
1797650	buprenorphine 74.2 MG Drug Implant
1797651	Probuphine
1797652	buprenorphine 74.2 MG [Probuphine]
1797653	buprenorphine Drug Implant [Probuphine]
1797654	Probuphine Drug Implant Product
1797655	buprenorphine 74.2 MG Drug Implant [Probuphine]
1804028	methadone hydrochloride 10 MG/ML [Methadose]
1806212	buprenorphine Transdermal System
1806214	buprenorphine Transdermal System [BuTrans]
1806273	fentanyl Transdermal System
1806275	fentanyl Transdermal System [Duragesic]
1806700	naltrexone / oxycodone
1819	buprenorphine
1841	butorphanol
1860127	Abuse-Deterrent 12 HR oxycodone hydrochloride 60 MG Extended Release Oral Tablet
1860129	Abuse-Deterrent 12 HR oxycodone hydrochloride 20 MG Extended Release Oral Tablet
1860137	Abuse-Deterrent 12 HR oxycodone hydrochloride 40 MG Extended Release Oral Tablet
1860148	Abuse-Deterrent 12 HR oxycodone hydrochloride 80 MG Extended Release Oral Tablet
1860151	Abuse-Deterrent 12 HR oxycodone hydrochloride 30 MG Extended Release Oral Tablet
1860154	Abuse-Deterrent 12 HR oxycodone hydrochloride 15 MG Extended Release Oral Tablet
1860157	Abuse-Deterrent 12 HR oxycodone hydrochloride 10 MG Extended Release Oral Tablet
1860205	hydrocodone bitartrate 100 MG
1860207	hydrocodone bitartrate 100 MG [Hysingla]
1860209	hydrocodone bitartrate 120 MG
1860211	hydrocodone bitartrate 120 MG [Hysingla]
1860214	hydrocodone bitartrate 30 MG [Hysingla]
1860217	hydrocodone bitartrate 20 MG [Hysingla]
1860220	hydrocodone bitartrate 40 MG [Hysingla]
1860222	hydrocodone bitartrate 60 MG
1860224	hydrocodone bitartrate 60 MG [Hysingla]
1860226	hydrocodone bitartrate 80 MG
1860228	hydrocodone bitartrate 80 MG [Hysingla]
1860491	12 HR hydrocodone bitartrate 10 MG Extended Release Oral Capsule
1860493	12 HR hydrocodone bitartrate 15 MG Extended Release Oral Capsule
1860495	12 HR hydrocodone bitartrate 20 MG Extended Release Oral Capsule
1860497	12 HR hydrocodone bitartrate 30 MG Extended Release Oral Capsule
1860499	12 HR hydrocodone bitartrate 40 MG Extended Release Oral Capsule
1860501	12 HR hydrocodone bitartrate 50 MG Extended Release Oral Capsule
1864410	buprenorphine 0.7 MG
1864412	buprenorphine 0.7 MG / naloxone 0.18 MG Sublingual Tablet
1864413	buprenorphine 0.7 MG / naloxone 0.18 MG [Zubsolv]
1864414	buprenorphine 0.7 MG / naloxone 0.18 MG Sublingual Tablet [Zubsolv]
1866542	nalbuphine Injection
1866543	1 ML nalbuphine hydrochloride 10 MG/ML Injection
1866551	1 ML nalbuphine hydrochloride 20 MG/ML Injection
1869548	methadone hydrochloride 40 MG
1869549	methadone Tablet for Oral Suspension
1869551	methadone hydrochloride 40 MG [Methadose]
1869552	methadone Tablet for Oral Suspension [Methadose]
1872264	hydromorphone Prefilled Syringe [Dilaudid]
1872265	1 ML hydromorphone hydrochloride 1 MG/ML Prefilled Syringe [Dilaudid]
1872269	1 ML hydromorphone hydrochloride 2 MG/ML Prefilled Syringe [Dilaudid]
1872271	1 ML hydromorphone hydrochloride 4 MG/ML Prefilled Syringe
1872272	1 ML hydromorphone hydrochloride 4 MG/ML Prefilled Syringe [Dilaudid]
1872752	0.5 ML hydromorphone hydrochloride 1 MG/ML Prefilled Syringe [Dilaudid]
1944529	Abuse-Deterrent oxycodone hydrochloride 15 MG Oral Tablet
1944530	Roxybond
1944531	oxycodone hydrochloride 15 MG [Roxybond]
1944532	oxycodone Oral Tablet [Roxybond]
1944533	Roxybond Oral Product
1944534	Roxybond Pill
1944535	Abuse-Deterrent oxycodone hydrochloride 15 MG Oral Tablet [Roxybond]
1944538	Abuse-Deterrent oxycodone hydrochloride 30 MG Oral Tablet
1944539	oxycodone hydrochloride 30 MG [Roxybond]
1944540	Abuse-Deterrent oxycodone hydrochloride 30 MG Oral Tablet [Roxybond]
1944541	Abuse-Deterrent oxycodone hydrochloride 5 MG Oral Tablet
1944542	oxycodone hydrochloride 5 MG [Roxybond]
1944543	Abuse-Deterrent oxycodone hydrochloride 5 MG Oral Tablet [Roxybond]
1946525	Matrix Delivery 24 HR tramadol hydrochloride 300 MG Extended Release Oral Tablet
1946527	Matrix Delivery 24 HR tramadol hydrochloride 200 MG Extended Release Oral Tablet
1946529	Matrix Delivery 24 HR tramadol hydrochloride 100 MG Extended Release Oral Tablet
197696	72 HR fentanyl 0.075 MG/HR Transdermal System
197873	levorphanol tartrate 2 MG Oral Tablet
1990741	methadone hydrochloride 40 MG [Diskets]
1990742	methadone Tablet for Oral Suspension [Diskets]
1990743	Diskets Oral Liquid Product
1990744	Diskets Oral Product
1990745	methadone hydrochloride 40 MG Tablet for Oral Suspension [Diskets]
1996182	buprenorphine 200 MG/ML
1996183	buprenorphine Prefilled Syringe
1996184	0.5 ML buprenorphine 200 MG/ML Prefilled Syringe
1996185	Sublocade
1996186	buprenorphine 200 MG/ML [Sublocade]
1996187	buprenorphine Prefilled Syringe [Sublocade]
1996188	Sublocade Injectable Product
1996189	0.5 ML buprenorphine 200 MG/ML Prefilled Syringe [Sublocade]
1996192	1.5 ML buprenorphine 200 MG/ML Prefilled Syringe
1996193	1.5 ML buprenorphine 200 MG/ML Prefilled Syringe [Sublocade]
2001352	benzhydrocodone
2001353	benzhydrocodone 6.12 MG
2001354	acetaminophen / benzhydrocodone Oral Product
2001355	acetaminophen / benzhydrocodone Pill
2001356	acetaminophen / benzhydrocodone Oral Tablet
2001357	acetaminophen / benzhydrocodone
2001358	acetaminophen 325 MG / benzhydrocodone 6.12 MG Oral Tablet
2001359	Apadaz
2001360	acetaminophen 325 MG / benzhydrocodone 6.12 MG [Apadaz]
2001361	acetaminophen / benzhydrocodone Oral Tablet [Apadaz]
2001362	Apadaz Oral Product
2001363	Apadaz Pill
2001364	acetaminophen 325 MG / benzhydrocodone 6.12 MG Oral Tablet [Apadaz]
2003714	1 ML morphine sulfate 2 MG/ML Injection
203170	butorphanol tartrate
203177	hydromorphone hydrochloride
203196	pentazocine lactate
203240	Kadian
203354	MS Contin
203355	Duramorph
203358	Infumorph
203840	Buprenex
203841	buprenorphine hydrochloride
2045495	Nalocet
2045496	acetaminophen 300 MG / oxycodone hydrochloride 2.5 MG [Nalocet]
2045497	acetaminophen / oxycodone Oral Tablet [Nalocet]
2045498	Nalocet Oral Product
2045499	Nalocet Pill
2045500	acetaminophen 300 MG / oxycodone hydrochloride 2.5 MG Oral Tablet [Nalocet]
2055303	Mitigo
2055304	morphine sulfate 10 MG/ML [Mitigo]
2055305	morphine Injection [Mitigo]
2055306	Mitigo Injectable Product
2055307	20 ML morphine sulfate 10 MG/ML Injection [Mitigo]
2055310	morphine sulfate 25 MG/ML [Mitigo]
2055311	20 ML morphine sulfate 25 MG/ML Injection [Mitigo]
205533	1 ML buprenorphine 0.3 MG/ML Injection [Buprenex]
2105821	oxycodone hydrochloride 2 MG/ML
2105822	acetaminophen 60 MG/ML / oxycodone hydrochloride 2 MG/ML Oral Solution
2118727	benzhydrocodone 4.08 MG
2118728	acetaminophen 325 MG / benzhydrocodone 4.08 MG Oral Tablet
2118729	acetaminophen 325 MG / benzhydrocodone 4.08 MG [Apadaz]
2118730	acetaminophen 325 MG / benzhydrocodone 4.08 MG Oral Tablet [Apadaz]
2118731	benzhydrocodone 8.16 MG
2118732	acetaminophen 325 MG / benzhydrocodone 8.16 MG Oral Tablet
2118733	acetaminophen 325 MG / benzhydrocodone 8.16 MG [Apadaz]
2118734	acetaminophen 325 MG / benzhydrocodone 8.16 MG Oral Tablet [Apadaz]
2122776	benzhydrocodone hydrochloride
214160	aspirin / butalbital / caffeine / codeine
214182	acetaminophen / hydrocodone
214183	acetaminophen / oxycodone
214185	acetaminophen / pentazocine
214253	aspirin / hydrocodone
214256	aspirin / oxycodone
214257	aspirin / pentazocine
214627	hydrocodone / ibuprofen
214721	naloxone / pentazocine
215008	Actiq
215451	aspirin / oxycodone hydrochloride / oxycodone terephthalate
2168270	1 ML fentanyl 0.05 MG/ML Injection
216903	Endocet
217126	Fioricet with Codeine
2179635	tramadol hydrochloride 100 MG Oral Tablet
218337	methadone hydrochloride
218772	Norco
218986	Oxycontin
219740	Roxicodone
2201610	fentanyl Metered Dose Nasal Spray
2201612	fentanyl Metered Dose Nasal Spray [Lazanda]
2201633	butorphanol tartrate 1 MG/ACTUAT
2201634	butorphanol Metered Dose Nasal Spray
220586	Tylenol with Codeine
220606	Ultram
220826	Vicoprofen
221134	opium tincture
224913	Dilaudid
2269592	buprenorphine / naloxone Oral Film Product
2269593	buprenorphine / naloxone Sublingual Film
2269595	buprenorphine / naloxone Sublingual Film [Suboxone]
2269596	Suboxone Oral Film Product
2277368	1 ML hydromorphone hydrochloride 0.2 MG/ML Prefilled Syringe
2277369	hydromorphone hydrochloride 0.2 MG/ML [Dilaudid]
2277370	1 ML hydromorphone hydrochloride 0.2 MG/ML Prefilled Syringe [Dilaudid]
2279505	Prolate
2279506	acetaminophen 300 MG / oxycodone hydrochloride 10 MG [Prolate]
2279507	acetaminophen / oxycodone Oral Tablet [Prolate]
2279508	Prolate Oral Product
2279509	Prolate Pill
2279510	acetaminophen 300 MG / oxycodone hydrochloride 10 MG Oral Tablet [Prolate]
2279511	acetaminophen 300 MG / oxycodone hydrochloride 5 MG [Prolate]
2279512	acetaminophen 300 MG / oxycodone hydrochloride 5 MG Oral Tablet [Prolate]
2279513	acetaminophen 300 MG / oxycodone hydrochloride 7.5 MG [Prolate]
2279514	acetaminophen 300 MG / oxycodone hydrochloride 7.5 MG Oral Tablet [Prolate]
2281848	acetaminophen 60 MG/ML / oxycodone hydrochloride 2 MG/ML [Prolate]
2281849	acetaminophen / oxycodone Oral Solution [Prolate]
2281850	Prolate Oral Liquid Product
2281851	acetaminophen 60 MG/ML / oxycodone hydrochloride 2 MG/ML Oral Solution [Prolate]
23088	dihydrocodeine
235751	morphine hydrochloride
235774	morphine tartrate
236931	hydrocodone hydrochloride
238129	1 ML buprenorphine 0.3 MG/ML Injection
238133	pentazocine 30 MG/ML Injectable Solution
2383032	levorphanol tartrate 2 MG
2395807	tramadol hydrochloride 5 MG/ML
2395808	tramadol hydrochloride 5 MG/ML Oral Solution
2395809	Qdolo
2395810	tramadol hydrochloride 5 MG/ML [Qdolo]
2395811	tramadol Oral Solution [Qdolo]
2395812	Qdolo Oral Liquid Product
2395813	Qdolo Oral Product
2395814	tramadol hydrochloride 5 MG/ML Oral Solution [Qdolo]
245134	72 HR fentanyl 0.025 MG/HR Transdermal System
245135	72 HR fentanyl 0.05 MG/HR Transdermal System
245136	72 HR fentanyl 0.1 MG/HR Transdermal System
246474	buprenorphine 0.2 MG Sublingual Tablet
2474267	2 ML fentanyl 0.05 MG/ML Prefilled Syringe
2474269	1 ML fentanyl 0.05 MG/ML Prefilled Syringe
250426	buprenorphine 0.4 MG Sublingual Tablet
250485	pentazocine 25 MG Oral Tablet
250486	pentazocine 50 MG Oral Capsule
250877	pentazocine 50 MG Rectal Suppository
2588473	tramadol hydrochloride 44 MG
2588474	celecoxib / tramadol
2588475	celecoxib / tramadol Oral Product
2588476	celecoxib / tramadol Pill
2588477	celecoxib / tramadol Oral Tablet
2588478	celecoxib 56 MG / tramadol hydrochloride 44 MG Oral Tablet
2588479	Seglentis
2588480	celecoxib 56 MG / tramadol hydrochloride 44 MG [Seglentis]
2588481	Seglentis Oral Product
2588482	Seglentis Pill
2588483	celecoxib / tramadol Oral Tablet [Seglentis]
2588484	celecoxib 56 MG / tramadol hydrochloride 44 MG Oral Tablet [Seglentis]
2599844	buprenorphine 20 MG/ML
2599845	buprenorphine Topical Solution
2599846	buprenorphine 20 MG/ML Topical Solution
2599847	Zorbium
2599848	buprenorphine 20 MG/ML [Zorbium]
2599849	Zorbium Topical Product
2599850	buprenorphine Topical Solution [Zorbium]
2599851	buprenorphine 20 MG/ML Topical Solution [Zorbium]
261106	fentanyl 0.2 MG Oral Lozenge [Actiq]
261107	fentanyl 0.6 MG Oral Lozenge [Actiq]
261108	fentanyl 0.8 MG Oral Lozenge [Actiq]
261109	fentanyl 1.2 MG Oral Lozenge [Actiq]
261110	fentanyl 1.6 MG Oral Lozenge [Actiq]
261184	72 HR fentanyl 0.025 MG/HR Transdermal System [Duragesic]
261185	72 HR fentanyl 0.05 MG/HR Transdermal System [Duragesic]
261186	72 HR fentanyl 0.075 MG/HR Transdermal System [Duragesic]
262071	72 HR fentanyl 0.1 MG/HR Transdermal System [Duragesic]
262219	fentanyl 0.4 MG Oral Lozenge [Actiq]
2629337	0.5 ML fentanyl 0.05 MG/ML Prefilled Syringe
2635081	100 ML fentanyl 0.05 MG/ML Injection
2639020	buprenorphine 50 MG/ML
2639021	0.16 ML buprenorphine 50 MG/ML Prefilled Syringe
2639023	Brixadi
2639024	buprenorphine 50 MG/ML [Brixadi]
2639025	Brixadi Injectable Product
2639026	buprenorphine Prefilled Syringe [Brixadi]
2639027	0.16 ML buprenorphine 50 MG/ML Prefilled Syringe [Brixadi]
2639029	0.32 ML buprenorphine 50 MG/ML Prefilled Syringe
2639030	0.32 ML buprenorphine 50 MG/ML Prefilled Syringe [Brixadi]
2639031	0.48 ML buprenorphine 50 MG/ML Prefilled Syringe
2639032	0.48 ML buprenorphine 50 MG/ML Prefilled Syringe [Brixadi]
2639033	0.64 ML buprenorphine 50 MG/ML Prefilled Syringe
2639034	0.64 ML buprenorphine 50 MG/ML Prefilled Syringe [Brixadi]
2639035	buprenorphine 356 MG/ML
2639036	0.18 ML buprenorphine 356 MG/ML Prefilled Syringe
2639038	buprenorphine 356 MG/ML [Brixadi]
2639039	0.18 ML buprenorphine 356 MG/ML Prefilled Syringe [Brixadi]
2639041	0.27 ML buprenorphine 356 MG/ML Prefilled Syringe
2639042	0.27 ML buprenorphine 356 MG/ML Prefilled Syringe [Brixadi]
2639043	0.36 ML buprenorphine 356 MG/ML Prefilled Syringe
2639044	0.36 ML buprenorphine 356 MG/ML Prefilled Syringe [Brixadi]
2646438	acetaminophen / hydrocodone bitartrate Oral Tablet
2647026	codeine phosphate / ibuprofen Oral Tablet
2647590	acetaminophen / tramadol hydrochloride Oral Tablet
2648011	butorphanol tartrate Injectable Solution
2648077	fentanyl / ropivacaine hydrochloride Injectable Solution
2648358	acetaminophen / tramadol hydrochloride Oral Capsule
2649331	codeine phosphate / ibuprofen Extended Release Oral Tablet
2654202	acetaminophen / hydrocodone bitartrate Oral Tablet [Lortab]
2654206	acetaminophen / hydrocodone bitartrate Oral Solution [Hycet]
2654320	morphine sulfate Injection [Infumorph]
2654364	celecoxib / tramadol hydrochloride Oral Tablet [Seglentis]
2654661	acetaminophen / caffeine / dihydrocodeine bitartrate Oral Capsule [Trezix]
2654663	methadone hydrochloride Tablet for Oral Suspension [Methadose]
2654830	tramadol hydrochloride Extended Release Oral Capsule [ConZip]
2654895	acetaminophen / butalbital / caffeine / codeine phosphate Oral Capsule [Fioricet with Codeine]
2654955	acetaminophen / hydrocodone bitartrate Oral Solution [Zamicet]
2655105	tramadol hydrochloride Oral Tablet [Ultram]
2655119	acetaminophen / hydrocodone bitartrate Oral Tablet [Norco]
2655468	oxycodone hydrochloride Extended Release Oral Tablet [Oxycontin]
2655483	methadone hydrochloride Tablet for Oral Suspension [Diskets]
2656057	tramadol hydrochloride Oral Solution [Qdolo]
2656119	oxycodone hydrochloride Oral Tablet [Roxybond]
2656148	acetaminophen / oxycodone hydrochloride Oral Tablet [Percocet]
2656154	morphine sulfate Extended Release Oral Capsule [Kadian]
2656222	morphine sulfate Injection [Mitigo]
2656258	morphine sulfate Extended Release Oral Tablet [MS Contin]
2656451	aspirin / butalbital / caffeine / codeine phosphate Oral Capsule [Ascomp]
2656537	methadone hydrochloride Oral Solution [Methadose]
2656603	acetaminophen / oxycodone hydrochloride Oral Tablet [Nalocet]
2656690	tramadol hydrochloride Extended Release Oral Tablet [Ultram]
2656725	oxycodone hydrochloride Oral Tablet [Roxicodone]
2656850	methadone hydrochloride Oral Tablet [Methadose]
2656942	hydromorphone hydrochloride Oral Tablet [Dilaudid]
2657025	acetaminophen / oxycodone hydrochloride Oral Tablet [Prolate]
2657217	aspirin / oxycodone hydrochloride Oral Tablet [Endodan Reformulated May 2009]
2657343	hydromorphone hydrochloride Prefilled Syringe [Dilaudid]
2657353	hydrocodone bitartrate Extended Release Oral Tablet [Hysingla]
2657467	acetaminophen / tramadol hydrochloride Oral Tablet [Ultracet]
2657474	acetaminophen / codeine phosphate Oral Tablet [Tylenol with Codeine]
2657638	acetaminophen / oxycodone hydrochloride Oral Tablet [Endocet]
2657765	acetaminophen / hydrocodone bitartrate Oral Tablet [Verdrocet]
2658064	oxycodone hydrochloride Oral Tablet [Oxaydo]
2658286	hydrocodone bitartrate / ibuprofen Oral Tablet [Reprexain]
2658381	acetaminophen / oxycodone hydrochloride Oral Solution [Prolate]
2658584	morphine sulfate Injection [Duramorph]
2658789	hydrocodone bitartrate / ibuprofen Oral Tablet [Vicoprofen]
2658966	acetaminophen / hydrocodone bitartrate Oral Solution [Lortab]
2660384	butorphanol tartrate Injectable Product
2660874	codeine phosphate / ibuprofen Oral Product
2661100	acetaminophen / hydrocodone bitartrate Oral Product
2661300	codeine phosphate / ibuprofen Pill
2661624	acetaminophen / hydrocodone bitartrate Pill
2661714	fentanyl / ropivacaine hydrochloride Injectable Product
2670	codeine
2670389	tramadol hydrochloride 25 MG
2670390	tramadol hydrochloride 25 MG Oral Tablet
30236	morphine sulfate
310293	fentanyl 1.2 MG Oral Lozenge
310294	fentanyl 1.6 MG Oral Lozenge
310295	fentanyl 0.2 MG Oral Lozenge
310296	fentanyl 0.3 MG Oral Lozenge
310297	fentanyl 0.4 MG Oral Lozenge
312288	acetaminophen 650 MG / pentazocine 25 MG Oral Tablet
312289	naloxone 0.5 MG / pentazocine 50 MG Oral Tablet
313992	fentanyl 0.6 MG Oral Lozenge
313993	fentanyl 0.8 MG Oral Lozenge
314517	belladonna leaf extract
314667	hydrocodone resin complex
315263	acetaminophen 325 MG
328183	fentanyl 0.025 MG/HR
328184	fentanyl 0.1 MG/HR
328186	fentanyl 0.05 MG/HR
328187	fentanyl 0.075 MG/HR
328264	fentanyl 0.05 MG/ML
328385	fentanyl 0.2 MG
328387	fentanyl 0.3 MG
328388	fentanyl 0.4 MG
328396	pentazocine 50 MG
328697	morphine 10 MG/ML
328781	morphine 15 MG/ML
329085	pentazocine 25 MG
329756	fentanyl 0.1 MG
330335	fentanyl 1.2 MG
330336	fentanyl 1.6 MG
330337	fentanyl 0.8 MG
330801	buprenorphine 0.3 MG/ML
330810	pentazocine 30 MG/ML
330860	fentanyl 0.6 MG
332698	buprenorphine 0.2 MG
333623	buprenorphine 0.4 MG
3423	hydromorphone
351264	buprenorphine 2 MG Sublingual Tablet
351265	buprenorphine 8 MG Sublingual Tablet
351266	buprenorphine 2 MG / naloxone 0.5 MG Sublingual Tablet
351267	buprenorphine 8 MG / naloxone 2 MG Sublingual Tablet
352362	acetaminophen / tramadol
352364	buprenorphine / naloxone
352990	Suboxone
353062	Ultracet
353390	buprenorphine 2 MG
353391	buprenorphine 8 MG
360444	fentanyl 0.004 MG/ML
363965	methadone Oral Solution [Methadose]
366536	acetaminophen / butalbital / caffeine / codeine Oral Capsule [Fioricet with Codeine]
366919	morphine Extended Release Oral Capsule [Kadian]
367214	fentanyl Oral Lozenge [Actiq]
368158	oxycodone Oral Tablet [Roxicodone]
368308	hydrocodone / ibuprofen Oral Tablet [Vicoprofen]
368362	acetaminophen / hydrocodone Oral Tablet [Lortab]
368846	methadone Oral Tablet [Methadose]
368895	hydromorphone Oral Tablet [Dilaudid]
369248	acetaminophen / codeine Oral Tablet [Tylenol with Codeine]
369283	tramadol Oral Tablet [Ultram]
369486	acetaminophen / tramadol Oral Tablet [Ultracet]
369896	morphine Extended Release Oral Tablet [MS Contin]
370158	oxycodone Extended Release Oral Tablet [Oxycontin]
370641	acetaminophen / hydrocodone Oral Tablet
370642	acetaminophen / hydrocodone Oral Capsule
370643	aspirin / hydrocodone Oral Tablet
370652	hydromorphone Injectable Solution
370653	hydromorphone Oral Solution
370654	hydromorphone Oral Tablet
370655	hydromorphone Rectal Suppository
370676	hydrocodone / ibuprofen Oral Tablet
370748	acetaminophen / codeine Oral Capsule
370751	acetaminophen / codeine Oral Solution
370754	acetaminophen / codeine Oral Tablet
370759	acetaminophen / hydrocodone Oral Solution
370763	acetaminophen / dihydrocodeine Oral Tablet
370943	aspirin / codeine Oral Tablet
371161	buprenorphine Sublingual Tablet
371174	butorphanol Injectable Solution
371610	codeine Oral Solution
371613	codeine Oral Tablet
371838	dihydrocodeine Oral Tablet
371839	dihydrocodeine Extended Release Oral Tablet
372161	fentanyl Oral Lozenge
372410	hydrocodone Oral Tablet
372427	hydromorphone Extended Release Oral Capsule
372455	codeine / ibuprofen Oral Tablet
372456	codeine / ibuprofen Extended Release Oral Tablet
372593	levorphanol Oral Tablet
372806	methadone Oral Solution
372807	methadone Injectable Solution
372808	methadone Oral Tablet
372956	morphine Injectable Solution
372957	morphine Rectal Suppository
372959	morphine Oral Tablet
372960	morphine Extended Release Oral Tablet
372961	morphine Oral Capsule
372986	nalbuphine Injectable Solution
373195	oxycodone Oral Capsule
373196	oxycodone Oral Solution
373198	oxycodone Oral Tablet
373199	acetaminophen / oxycodone Oral Solution
373200	acetaminophen / oxycodone Oral Tablet
373273	pentazocine Oral Capsule
373274	pentazocine Oral Tablet
373275	pentazocine Injectable Solution
373276	pentazocine Rectal Suppository
373277	acetaminophen / pentazocine Oral Tablet
373278	aspirin / pentazocine Oral Tablet
373641	propoxyphene Oral Capsule
373642	propoxyphene Oral Tablet
373644	acetaminophen / propoxyphene Oral Tablet
374169	tramadol Oral Capsule
374170	tramadol Injectable Solution
374171	tramadol Oral Solution
374173	tramadol Oral Tablet
374174	tramadol Extended Release Oral Tablet
374654	morphine Extended Release Oral Capsule
374702	aspirin / caffeine / propoxyphene Oral Capsule
374711	aspirin / oxycodone Oral Tablet
374756	aspirin / butalbital / caffeine / codeine Oral Capsule
374757	aspirin / caffeine / dihydrocodeine Oral Capsule
374760	aspirin / carisoprodol / codeine Oral Tablet
374787	acetaminophen / caffeine / dihydrocodeine Oral Capsule
374830	acetaminophen / butalbital / caffeine / codeine Oral Capsule
375581	acetaminophen / oxycodone Oral Capsule
375674	acetaminophen / caffeine / dihydrocodeine Oral Tablet
376079	aluminum hydroxide / aspirin / codeine / magnesium hydroxide Oral Tablet
378712	acetaminophen / tramadol Oral Tablet
378762	buprenorphine / naloxone Sublingual Tablet
379112	buprenorphine Injectable Solution
379297	naloxone / pentazocine Oral Tablet
379523	tramadol Extended Release Oral Capsule
385094	oxycodone Extended Release Oral Tablet
385569	hydromorphone Oral Capsule
402341	oxycodone Injectable Solution
402411	tramadol Disintegrating Oral Tablet
42844	Percocet
4337	fentanyl
477397	morphine sulfate liposomal
477468	morphine liposomal
483322	ibuprofen / oxycodone Oral Tablet
484259	ibuprofen / oxycodone
491666	Lorcet
49991	droperidol / fentanyl
542941	Hycet
542943	acetaminophen / hydrocodone Oral Solution [Hycet]
544565	hydromorphone Oral Solution [Dilaudid]
5489	hydrocodone
566435	buprenorphine 0.3 MG/ML [Buprenex]
574353	fentanyl 0.2 MG [Actiq]
574354	fentanyl 0.6 MG [Actiq]
574355	fentanyl 0.8 MG [Actiq]
574356	fentanyl 1.2 MG [Actiq]
574357	fentanyl 1.6 MG [Actiq]
574418	fentanyl 0.025 MG/HR [Duragesic]
574419	fentanyl 0.05 MG/HR [Duragesic]
574420	fentanyl 0.075 MG/HR [Duragesic]
574656	fentanyl 0.1 MG/HR [Duragesic]
574688	fentanyl 0.4 MG [Actiq]
577056	fentanyl 0.012 MG/HR
577057	72 HR fentanyl 0.012 MG/HR Transdermal System
579458	Reprexain
583489	fentanyl 0.012 MG/HR [Duragesic]
583490	72 HR fentanyl 0.012 MG/HR Transdermal System [Duragesic]
597355	hydrocodone tannate
606642	fentanyl / ropivacaine
616518	tramadol Extended Release Oral Tablet [Ultram]
637538	oxycodone hydrochloride 4.5 MG
637539	oxycodone terephthalate 0.38 MG
637540	aspirin 325 MG / oxycodone hydrochloride 4.5 MG / oxycodone terephthalate 0.38 MG Oral Tablet
6378	levorphanol
639194	acetaminophen / propoxyphene
643113	oxymorphone Oral Tablet
643115	oxymorphone Extended Release Oral Tablet
668362	fentanyl Buccal Tablet
668363	fentanyl 0.1 MG Buccal Tablet
668364	fentanyl 0.2 MG Buccal Tablet
668365	fentanyl 0.4 MG Buccal Tablet
668366	fentanyl 0.6 MG Buccal Tablet
668367	fentanyl 0.8 MG Buccal Tablet
668619	Fentora
668620	fentanyl 0.1 MG [Fentora]
668621	fentanyl Buccal Tablet [Fentora]
668622	fentanyl 0.1 MG Buccal Tablet [Fentora]
668623	fentanyl 0.2 MG [Fentora]
668624	fentanyl 0.2 MG Buccal Tablet [Fentora]
668625	fentanyl 0.4 MG [Fentora]
668626	fentanyl 0.4 MG Buccal Tablet [Fentora]
668627	fentanyl 0.6 MG [Fentora]
668628	fentanyl 0.6 MG Buccal Tablet [Fentora]
668629	fentanyl 0.8 MG [Fentora]
668630	fentanyl 0.8 MG Buccal Tablet [Fentora]
670009	Diskets
6813	methadone
689511	aspirin / caffeine / codeine
689512	aspirin / caffeine / dihydrocodeine
689515	aspirin / caffeine / hydrocodone
689518	aspirin / caffeine / propoxyphene
689522	aspirin / carisoprodol / codeine
689541	aspirin / propoxyphene
689552	acetaminophen / aspirin / caffeine / codeine / salicylamide
689553	acetaminophen / aspirin / caffeine / hydrocodone
689555	acetaminophen / aspirin / codeine
689561	acetaminophen / butalbital / caffeine / codeine
689562	acetaminophen / butalbital / caffeine / hydrocodone
689563	acetaminophen / butalbital / codeine
689568	acetaminophen / caffeine / codeine / salicylamide
689569	acetaminophen / caffeine / dihydrocodeine
689783	acetaminophen / dihydrocodeine / salicylamide
690089	codeine / papaverine
700585	aspirin / butalbital / caffeine / codeine Oral Capsule [Ascomp]
7052	morphine
706898	fentanyl 0.3 MG Buccal Tablet
710303	codeine / ibuprofen
71517	propoxyphene hydrochloride
7238	nalbuphine
724134	hydrocodone / ibuprofen Oral Tablet [Reprexain]
724542	oxycodone terephthalate 0.19 MG
724613	oxycodone hydrochloride 2.25 MG
724614	aspirin 325 MG / oxycodone hydrochloride 2.25 MG / oxycodone terephthalate 0.19 MG Oral Tablet
727759	2 ML fentanyl 0.05 MG/ML Cartridge
746611	Trezix
746613	acetaminophen / caffeine / dihydrocodeine Oral Capsule [Trezix]
746938	morphine Prefilled Syringe
757136	dihydrocodeine Oral Solution
763042	hydromorphone Prefilled Syringe
7676	opium
7804	oxycodone
7814	oxymorphone
787390	tapentadol
8001	pentazocine
804747	Zamicet
804749	acetaminophen / hydrocodone Oral Solution [Zamicet]
814657	acetaminophen / caffeine / codeine
817579	acetaminophen / codeine
82063	oxycodone hydrochloride
82064	oxymorphone hydrochloride
82110	tramadol hydrochloride
825195	acetaminophen / oxycodone Oral Tablet [Percocet]
825231	acetaminophen / oxycodone Oral Tablet [Endocet]
825407	tapentadol 100 MG
825408	tapentadol Oral Tablet
825409	tapentadol 100 MG Oral Tablet
825410	tapentadol 50 MG
825411	tapentadol 50 MG Oral Tablet
825412	tapentadol 75 MG
825413	tapentadol 75 MG Oral Tablet
827747	propoxyphene napsylate 100 MG
827748	propoxyphene napsylate 100 MG Oral Tablet
827751	acetaminophen 325 MG / propoxyphene napsylate 100 MG Oral Tablet
828576	acetaminophen 650 MG / propoxyphene napsylate 100 MG Oral Tablet
828580	propoxyphene hydrochloride 65 MG
828584	propoxyphene hydrochloride 32 MG
828585	aspirin 389 MG / caffeine 32.4 MG / propoxyphene hydrochloride 32 MG Oral Capsule
828594	aspirin 389 MG / caffeine 32.4 MG / propoxyphene hydrochloride 65 MG Oral Capsule
828712	morphine sulfate 45 MG
828716	morphine sulfate 75 MG
829847	acetaminophen / hydrocodone Oral Tablet [Norco]
831431	tramadol hydrochloride 100 MG
831437	tramadol hydrochloride 200 MG
831441	tramadol hydrochloride 300 MG
833035	hydrocodone bitartrate 7.5 MG
833036	acetaminophen 750 MG / hydrocodone bitartrate 7.5 MG Oral Tablet
833709	24 HR tramadol hydrochloride 100 MG Extended Release Oral Tablet
833711	24 HR tramadol hydrochloride 200 MG Extended Release Oral Tablet
833713	24 HR tramadol hydrochloride 300 MG Extended Release Oral Tablet
835602	tramadol hydrochloride 50 MG
835603	tramadol hydrochloride 50 MG Oral Tablet
835604	tramadol hydrochloride 50 MG [Ultram]
835605	tramadol hydrochloride 50 MG Oral Tablet [Ultram]
836394	tramadol hydrochloride 37.5 MG
836395	acetaminophen 325 MG / tramadol hydrochloride 37.5 MG Oral Tablet
836396	acetaminophen 325 MG / tramadol hydrochloride 37.5 MG [Ultracet]
836397	acetaminophen 325 MG / tramadol hydrochloride 37.5 MG Oral Tablet [Ultracet]
836402	tramadol hydrochloride 200 MG [Ultram]
836405	tramadol hydrochloride 300 MG [Ultram]
836408	tramadol hydrochloride 50 MG Disintegrating Oral Tablet
836466	tramadol hydrochloride 50 MG Oral Capsule
836484	tramadol hydrochloride 1 MG/ML
836485	tramadol hydrochloride 1 MG/ML Oral Solution
836487	tramadol hydrochloride 150 MG
836491	tramadol hydrochloride 400 MG
845315	24 HR tramadol hydrochloride 200 MG Extended Release Oral Tablet [Ultram]
845316	24 HR tramadol hydrochloride 300 MG Extended Release Oral Tablet [Ultram]
848763	Endodan Reformulated May 2009
848765	aspirin / oxycodone Oral Tablet [Endodan Reformulated May 2009]
848767	oxycodone hydrochloride 4.84 MG
848768	aspirin 325 MG / oxycodone hydrochloride 4.84 MG Oral Tablet
848927	aspirin 325 MG / oxycodone hydrochloride 4.84 MG [Endodan Reformulated May 2009]
848928	aspirin 325 MG / oxycodone hydrochloride 4.84 MG Oral Tablet [Endodan Reformulated May 2009]
849279	propoxyphene hydrochloride 65 MG Oral Capsule
849292	propoxyphene hydrochloride 32.5 MG
849293	acetaminophen 325 MG / propoxyphene hydrochloride 32.5 MG Oral Tablet
849294	propoxyphene napsylate 50 MG
849295	acetaminophen 325 MG / propoxyphene napsylate 50 MG Oral Tablet
849304	acetaminophen 500 MG / propoxyphene napsylate 100 MG Oral Tablet
849328	tramadol hydrochloride 50 MG/ML
849329	tramadol hydrochloride 50 MG/ML Injectable Solution
849330	tramadol hydrochloride 75 MG
849331	tramadol hydrochloride 75 MG Extended Release Oral Tablet
849561	12 HR tramadol hydrochloride 150 MG Extended Release Oral Tablet
849903	tramadol hydrochloride 50 MG Extended Release Oral Capsule
854137	Nucynta
854138	tapentadol 100 MG [Nucynta]
854139	tapentadol Oral Tablet [Nucynta]
854140	tapentadol 100 MG Oral Tablet [Nucynta]
854141	tapentadol 50 MG [Nucynta]
854142	tapentadol 50 MG Oral Tablet [Nucynta]
854143	tapentadol 75 MG [Nucynta]
854144	tapentadol 75 MG Oral Tablet [Nucynta]
856891	hydrocodone bitartrate 10 MG
856902	hydrocodone bitartrate 5 MG
856903	acetaminophen 500 MG / hydrocodone bitartrate 5 MG Oral Tablet
856908	acetaminophen 660 MG / hydrocodone bitartrate 10 MG Oral Tablet
856939	hydrocodone bitartrate 0.5 MG/ML
856940	acetaminophen 21.7 MG/ML / hydrocodone bitartrate 0.5 MG/ML Oral Solution
856941	acetaminophen 21.7 MG/ML / hydrocodone bitartrate 0.5 MG/ML [Hycet]
856942	acetaminophen 21.7 MG/ML / hydrocodone bitartrate 0.5 MG/ML Oral Solution [Hycet]
856943	hydrocodone bitartrate 0.67 MG/ML
856944	acetaminophen 21.7 MG/ML / hydrocodone bitartrate 0.67 MG/ML Oral Solution
856945	acetaminophen 21.7 MG/ML / hydrocodone bitartrate 0.67 MG/ML [Zamicet]
856946	acetaminophen 21.7 MG/ML / hydrocodone bitartrate 0.67 MG/ML Oral Solution [Zamicet]
856962	acetaminophen 500 MG / hydrocodone bitartrate 5 MG Oral Capsule
856980	acetaminophen 300 MG / hydrocodone bitartrate 10 MG Oral Tablet
856987	acetaminophen 300 MG / hydrocodone bitartrate 5 MG Oral Tablet
856992	acetaminophen 300 MG / hydrocodone bitartrate 7.5 MG Oral Tablet
856999	acetaminophen 325 MG / hydrocodone bitartrate 10 MG Oral Tablet
857002	acetaminophen 325 MG / hydrocodone bitartrate 5 MG Oral Tablet
857003	acetaminophen 325 MG / hydrocodone bitartrate 5 MG [Norco]
857004	acetaminophen 325 MG / hydrocodone bitartrate 5 MG Oral Tablet [Norco]
857005	acetaminophen 325 MG / hydrocodone bitartrate 7.5 MG Oral Tablet
857006	acetaminophen 325 MG / hydrocodone bitartrate 7.5 MG [Norco]
857007	acetaminophen 325 MG / hydrocodone bitartrate 7.5 MG Oral Tablet [Norco]
857075	hydrocodone bitartrate 0.333 MG/ML
857076	acetaminophen 33.3 MG/ML / hydrocodone bitartrate 0.333 MG/ML Oral Solution
857083	acetaminophen 650 MG / hydrocodone bitartrate 7.5 MG Oral Tablet
857099	acetaminophen 33.3 MG/ML / hydrocodone bitartrate 0.5 MG/ML Oral Solution
857104	acetaminophen / hydrocodone Oral Solution [Lortab]
857107	acetaminophen 500 MG / hydrocodone bitartrate 10 MG Oral Tablet
857110	hydrocodone bitartrate 2.5 MG
857111	acetaminophen 500 MG / hydrocodone bitartrate 2.5 MG Oral Tablet
857118	acetaminophen 500 MG / hydrocodone bitartrate 7.5 MG Oral Tablet
857121	aspirin 500 MG / hydrocodone bitartrate 5 MG Oral Tablet
857124	hydrocodone bitartrate 0.667 MG/ML
857128	acetaminophen 400 MG / hydrocodone bitartrate 10 MG Oral Tablet
857131	acetaminophen 400 MG / hydrocodone bitartrate 5 MG Oral Tablet
857134	acetaminophen 400 MG / hydrocodone bitartrate 7.5 MG Oral Tablet
857190	Dolorex Solution
857192	butorphanol Injectable Solution [Dolorex Solution]
857383	acetaminophen 650 MG / hydrocodone bitartrate 10 MG Oral Tablet
857391	acetaminophen 325 MG / hydrocodone bitartrate 2.5 MG Oral Tablet
857492	tapentadol hydrochloride
857501	acetaminophen 556 MG / hydrocodone bitartrate 5 MG Oral Tablet
858087	fentanyl 1.2 MG Buccal Film
858092	fentanyl 0.2 MG Buccal Film
858095	fentanyl 0.4 MG Buccal Film
858098	fentanyl 0.6 MG Buccal Film
858101	fentanyl 0.8 MG Buccal Film
858770	hydrocodone bitartrate 2.5 MG / ibuprofen 200 MG Oral Tablet
858771	hydrocodone bitartrate 2.5 MG / ibuprofen 200 MG [Reprexain]
858772	hydrocodone bitartrate 2.5 MG / ibuprofen 200 MG Oral Tablet [Reprexain]
858778	hydrocodone bitartrate 5 MG / ibuprofen 200 MG Oral Tablet
858798	hydrocodone bitartrate 7.5 MG / ibuprofen 200 MG Oral Tablet
858837	hydrocodone bitartrate 7.5 MG / ibuprofen 200 MG [Vicoprofen]
858838	hydrocodone bitartrate 7.5 MG / ibuprofen 200 MG Oral Tablet [Vicoprofen]
858966	hydrocodone bitartrate 0.9 MG/ML
859315	hydrocodone bitartrate 10 MG / ibuprofen 200 MG Oral Tablet
859955	morphine sulfate 20 MG
859963	morphine sulfate 30 MG
859968	morphine sulfate 50 MG
860599	hydrocodone bitartrate 7.5 MG Oral Tablet
863539	morphine sulfate 100 MG
863546	morphine sulfate 60 MG
863551	morphine sulfate 80 MG
863844	morphine / naltrexone Extended Release Oral Capsule
863845	Abuse-Deterrent morphine sulfate 100 MG / naltrexone hydrochloride 4 MG Extended Release Oral Capsule
863848	Abuse-Deterrent morphine sulfate 20 MG / naltrexone hydrochloride 0.8 MG Extended Release Oral Capsule
863850	Abuse-Deterrent morphine sulfate 30 MG / naltrexone hydrochloride 1.2 MG Extended Release Oral Capsule
863852	Abuse-Deterrent morphine sulfate 50 MG / naltrexone hydrochloride 2 MG Extended Release Oral Capsule
863854	Abuse-Deterrent morphine sulfate 60 MG / naltrexone hydrochloride 2.4 MG Extended Release Oral Capsule
863856	Abuse-Deterrent morphine sulfate 80 MG / naltrexone hydrochloride 3.2 MG Extended Release Oral Capsule
864705	methadone hydrochloride 10 MG
864706	methadone hydrochloride 10 MG Oral Tablet
864711	methadone hydrochloride 10 MG [Methadose]
864712	methadone hydrochloride 10 MG Oral Tablet [Methadose]
864713	methadone hydrochloride 10 MG/ML
864714	methadone hydrochloride 10 MG/ML Injectable Solution
864717	methadone hydrochloride 5 MG
864718	methadone hydrochloride 5 MG Oral Tablet
864736	methadone hydrochloride 5 MG [Methadose]
864737	methadone hydrochloride 5 MG Oral Tablet [Methadose]
864978	methadone hydrochloride 40 MG Tablet for Oral Suspension
864980	methadone hydrochloride 40 MG Tablet for Oral Suspension [Methadose]
866331	morphine / naltrexone
8785	propoxyphene
8786	propoxyphene napsylate
886621	butorphanol tartrate 2 MG/ML
886622	butorphanol tartrate 2 MG/ML Injectable Solution
886626	butorphanol tartrate 1 MG/ML
886627	1 ML butorphanol tartrate 1 MG/ML Injection
886634	butorphanol tartrate 1 MG/ACTUAT Metered Dose Nasal Spray
891874	morphine sulfate 100 MG Extended Release Oral Tablet
891877	morphine sulfate 15 MG
891881	morphine sulfate 15 MG Extended Release Oral Tablet
891888	morphine sulfate 30 MG Extended Release Oral Tablet
891893	morphine sulfate 60 MG Extended Release Oral Tablet
892296	morphine sulfate 120 MG
892297	24 HR morphine sulfate 120 MG Extended Release Oral Capsule
892342	24 HR morphine sulfate 30 MG Extended Release Oral Capsule
892345	morphine sulfate 30 MG Extended Release Oral Capsule
892349	24 HR morphine sulfate 60 MG Extended Release Oral Capsule
892352	morphine sulfate 60 MG Extended Release Oral Capsule
892354	morphine sulfate 90 MG
892355	24 HR morphine sulfate 90 MG Extended Release Oral Capsule
892364	morphine sulfate 0.5 MG/ML
892471	morphine sulfate 0.5 MG/ML [Duramorph]
892473	10 ML morphine sulfate 0.5 MG/ML Injection [Duramorph]
892476	morphine sulfate 1 MG/ML
892488	morphine sulfate 1 MG/ML [Duramorph]
892489	10 ML morphine sulfate 1 MG/ML Injection [Duramorph]
892493	morphine sulfate 10 MG
892494	morphine sulfate 10 MG Extended Release Oral Capsule
892495	morphine sulfate 10 MG [Kadian]
892496	morphine sulfate 10 MG Extended Release Oral Capsule [Kadian]
892516	morphine sulfate 10 MG Rectal Suppository
892530	morphine sulfate 10 MG/ML
892531	morphine sulfate 10 MG/ML Injectable Solution
892532	morphine sulfate 10 MG/ML [Infumorph]
892554	morphine sulfate 100 MG Extended Release Oral Capsule
892555	morphine sulfate 100 MG [Kadian]
892556	morphine sulfate 100 MG Extended Release Oral Capsule [Kadian]
892559	morphine sulfate 100 MG [MS Contin]
892560	morphine sulfate 100 MG Extended Release Oral Tablet [MS Contin]
892573	morphine sulfate 15 MG [MS Contin]
892574	morphine sulfate 15 MG Extended Release Oral Tablet [MS Contin]
892579	morphine sulfate 15 MG Oral Capsule
892582	morphine sulfate 15 MG Oral Tablet
892588	morphine sulfate 2 MG/ML
892589	morphine sulfate 2 MG/ML Oral Solution
892596	morphine sulfate 20 MG Extended Release Oral Capsule
892597	morphine sulfate 20 MG [Kadian]
892598	morphine sulfate 20 MG Extended Release Oral Capsule [Kadian]
892603	morphine sulfate 20 MG Rectal Suppository
892624	morphine sulfate 20 MG/ML
892625	morphine sulfate 20 MG/ML Oral Solution
892642	morphine sulfate 200 MG
892643	morphine sulfate 200 MG Extended Release Oral Capsule
892646	morphine sulfate 200 MG Extended Release Oral Tablet
892647	morphine sulfate 200 MG [MS Contin]
892648	morphine sulfate 200 MG Extended Release Oral Tablet [MS Contin]
892649	morphine sulfate 25 MG/ML
892651	morphine sulfate 25 MG/ML [Infumorph]
892652	20 ML morphine sulfate 25 MG/ML Injection [Infumorph]
892657	morphine sulfate 30 MG [Kadian]
892658	morphine sulfate 30 MG Extended Release Oral Capsule [Kadian]
892659	morphine sulfate 30 MG [MS Contin]
892660	morphine sulfate 30 MG Extended Release Oral Tablet [MS Contin]
892669	morphine sulfate 30 MG Oral Capsule
892672	morphine sulfate 30 MG Oral Tablet
892678	morphine sulfate 30 MG Rectal Suppository
894779	morphine sulfate 4 MG/ML
894780	morphine sulfate 4 MG/ML Oral Solution
894801	morphine sulfate 50 MG Extended Release Oral Capsule
894802	morphine sulfate 50 MG [Kadian]
894803	morphine sulfate 50 MG Extended Release Oral Capsule [Kadian]
894804	morphine sulfate 60 MG [Kadian]
894805	morphine sulfate 60 MG Extended Release Oral Capsule [Kadian]
894806	morphine sulfate 5 MG
894807	morphine sulfate 5 MG Rectal Suppository
894812	morphine sulfate 60 MG [MS Contin]
894813	morphine sulfate 60 MG Extended Release Oral Tablet [MS Contin]
894814	morphine sulfate 80 MG Extended Release Oral Capsule
894910	morphine sulfate 14.3 MG/ML
894911	0.7 ML morphine sulfate 14.3 MG/ML Auto-Injector
894912	1 ML morphine sulfate 10 MG/ML Prefilled Syringe
894913	morphine sulfate 8 MG/ML
894914	1 ML morphine sulfate 8 MG/ML Prefilled Syringe
894931	morphine sulfate 150 MG
894942	24 HR morphine sulfate 45 MG Extended Release Oral Capsule
894970	24 HR morphine sulfate 75 MG Extended Release Oral Capsule
894972	morphine sulfate 15 MG/ML
895012	morphine Oral Suspension
895014	morphine sulfate 10 MG Oral Tablet
895016	morphine sulfate 10 MG/ML Oral Solution
895022	morphine sulfate 100 MG Rectal Suppository
895185	morphine sulfate 15 MG Rectal Suppository
895194	morphine sulfate 15 MG/ML Injectable Solution
895199	morphine sulfate 2 MG/ML Oral Suspension
895201	morphine sulfate 20 MG Oral Tablet
895202	morphine sulfate 20 MG/ML Injectable Solution
895206	morphine sulfate 200 MG Oral Tablet
895207	morphine sulfate 3 MG/ML
895208	morphine sulfate 3 MG/ML Oral Suspension
895212	morphine sulfate 30 MG/ML
895213	morphine sulfate 30 MG/ML Injectable Solution
895214	morphine sulfate 35 MG
895215	morphine sulfate 35 MG Rectal Suppository
895217	morphine sulfate 5 MG Extended Release Oral Tablet
895218	morphine sulfate 5 MG/ML
895219	morphine sulfate 5 MG/ML Oral Suspension
895221	morphine sulfate 50 MG Oral Tablet
895227	morphine sulfate 50 MG Rectal Suppository
895228	morphine sulfate 50 MG/ML
895232	morphine sulfate 6 MG/ML
895238	morphine sulfate 6 MG/ML Oral Solution
895239	morphine sulfate 6.67 MG/ML
895240	morphine sulfate 6.67 MG/ML Oral Suspension
895247	morphine sulfate 60 MG Oral Tablet
895248	morphine sulfate 75 MG Rectal Suppository
895973	morphine sulfate liposomal 10 MG/ML
895975	morphine sulfate liposomal 10 MG/ML Injectable Solution
897642	hydromorphone hydrochloride 0.2 MG/ML
897652	hydromorphone hydrochloride 1 MG/ML
897653	1 ML hydromorphone hydrochloride 1 MG/ML Injection
897654	hydromorphone hydrochloride 1 MG/ML [Dilaudid]
897657	hydromorphone hydrochloride 1 MG/ML Oral Solution
897658	hydromorphone hydrochloride 1 MG/ML Oral Solution [Dilaudid]
897662	hydromorphone hydrochloride 10 MG/ML
897669	hydromorphone hydrochloride 12 MG
897686	hydromorphone hydrochloride 16 MG
897695	hydromorphone hydrochloride 2 MG
897696	hydromorphone hydrochloride 2 MG Oral Tablet
897697	hydromorphone hydrochloride 2 MG [Dilaudid]
897698	hydromorphone hydrochloride 2 MG Oral Tablet [Dilaudid]
897701	hydromorphone hydrochloride 4 MG
897702	hydromorphone hydrochloride 4 MG Oral Tablet
897703	hydromorphone hydrochloride 4 MG [Dilaudid]
897704	hydromorphone hydrochloride 4 MG Oral Tablet [Dilaudid]
897709	hydromorphone hydrochloride 8 MG
897710	hydromorphone hydrochloride 8 MG Oral Tablet
897711	hydromorphone hydrochloride 8 MG [Dilaudid]
897712	hydromorphone hydrochloride 8 MG Oral Tablet [Dilaudid]
897729	hydromorphone hydrochloride 24 MG
897736	hydromorphone hydrochloride 32 MG
897744	hydromorphone hydrochloride 2 MG/ML
897745	hydromorphone hydrochloride 2 MG/ML Injectable Solution
897746	hydromorphone hydrochloride 2 MG/ML [Dilaudid]
897748	hydromorphone hydrochloride 3 MG
897749	hydromorphone hydrochloride 3 MG Rectal Suppository
897752	hydromorphone hydrochloride 4 MG/ML
897753	1 ML hydromorphone hydrochloride 4 MG/ML Injection
897754	hydromorphone hydrochloride 4 MG/ML [Dilaudid]
897756	1 ML hydromorphone hydrochloride 1 MG/ML Prefilled Syringe
897757	1 ML hydromorphone hydrochloride 2 MG/ML Prefilled Syringe
897758	1 ML hydromorphone hydrochloride 4 MG/ML Cartridge
897770	hydromorphone hydrochloride 1 MG
897771	hydromorphone hydrochloride 1 MG Oral Tablet
898003	hydromorphone hydrochloride 1.3 MG
898004	hydromorphone hydrochloride 1.3 MG Oral Capsule
898137	hydromorphone hydrochloride 2.6 MG
898138	hydromorphone hydrochloride 2.6 MG Oral Capsule
898139	hydromorphone hydrochloride 3 MG Oral Tablet
898611	12 HR hydromorphone hydrochloride 2 MG Extended Release Oral Capsule
898614	12 HR hydromorphone hydrochloride 4 MG Extended Release Oral Capsule
898618	12 HR hydromorphone hydrochloride 8 MG Extended Release Oral Capsule
902728	hydromorphone Extended Release Oral Tablet
902729	24 HR hydromorphone hydrochloride 12 MG Extended Release Oral Tablet
902736	24 HR hydromorphone hydrochloride 16 MG Extended Release Oral Tablet
902741	24 HR hydromorphone hydrochloride 8 MG Extended Release Oral Tablet
904414	nalbuphine hydrochloride 10 MG/ML
904415	nalbuphine hydrochloride 10 MG/ML Injectable Solution
904439	nalbuphine hydrochloride 20 MG/ML
904440	nalbuphine hydrochloride 20 MG/ML Injectable Solution
904869	buprenorphine 0.01 MG/HR
904870	168 HR buprenorphine 0.01 MG/HR Transdermal System
904871	BuTrans
904872	buprenorphine 0.01 MG/HR [BuTrans]
904874	168 HR buprenorphine 0.01 MG/HR Transdermal System [BuTrans]
904875	buprenorphine 0.02 MG/HR
904876	168 HR buprenorphine 0.02 MG/HR Transdermal System
904877	buprenorphine 0.02 MG/HR [BuTrans]
904878	168 HR buprenorphine 0.02 MG/HR Transdermal System [BuTrans]
904879	buprenorphine 0.005 MG/HR
904880	168 HR buprenorphine 0.005 MG/HR Transdermal System
904881	buprenorphine 0.005 MG/HR [BuTrans]
904882	168 HR buprenorphine 0.005 MG/HR Transdermal System [BuTrans]
91104	codeine sulfate
977873	oxymorphone hydrochloride 10 MG
977874	12 HR oxymorphone hydrochloride 10 MG Extended Release Oral Tablet
977893	oxymorphone hydrochloride 15 MG
977894	12 HR oxymorphone hydrochloride 15 MG Extended Release Oral Tablet
977901	oxymorphone hydrochloride 20 MG
977902	12 HR oxymorphone hydrochloride 20 MG Extended Release Oral Tablet
977908	oxymorphone hydrochloride 30 MG
977909	12 HR oxymorphone hydrochloride 30 MG Extended Release Oral Tablet
977914	oxymorphone hydrochloride 40 MG
977915	12 HR oxymorphone hydrochloride 40 MG Extended Release Oral Tablet
977922	oxymorphone hydrochloride 5 MG
977923	12 HR oxymorphone hydrochloride 5 MG Extended Release Oral Tablet
977928	oxymorphone hydrochloride 7.5 MG
977929	12 HR oxymorphone hydrochloride 7.5 MG Extended Release Oral Tablet
977939	oxymorphone hydrochloride 5 MG Oral Tablet
977942	oxymorphone hydrochloride 10 MG Oral Tablet
991149	methadone hydrochloride 10 MG/ML Oral Solution [Methadose]
992657	Hycodan
993755	acetaminophen 24 MG/ML / codeine phosphate 2.4 MG/ML Oral Solution
993770	acetaminophen 300 MG / codeine phosphate 15 MG Oral Tablet
993780	codeine phosphate 30 MG
993781	acetaminophen 300 MG / codeine phosphate 30 MG Oral Tablet
993836	acetaminophen 300 MG / codeine phosphate 30 MG [Tylenol with Codeine]
993837	acetaminophen 300 MG / codeine phosphate 30 MG Oral Tablet [Tylenol with Codeine]
993889	codeine phosphate 60 MG
993890	acetaminophen 300 MG / codeine phosphate 60 MG Oral Tablet
993891	acetaminophen 300 MG / codeine phosphate 60 MG [Tylenol with Codeine]
993892	acetaminophen 300 MG / codeine phosphate 60 MG Oral Tablet [Tylenol with Codeine]
993943	acetaminophen 325 MG / butalbital 50 MG / caffeine 40 MG / codeine phosphate 30 MG Oral Capsule
994043	acetaminophen 500 MG / codeine phosphate 15 MG Oral Tablet
994046	acetaminophen 500 MG / codeine phosphate 30 MG Oral Tablet
994226	aspirin 325 MG / carisoprodol 200 MG / codeine phosphate 16 MG Oral Tablet
994237	aspirin 325 MG / butalbital 50 MG / caffeine 40 MG / codeine phosphate 30 MG Oral Capsule
994238	aspirin 325 MG / butalbital 50 MG / caffeine 40 MG / codeine phosphate 30 MG [Ascomp]
994239	aspirin 325 MG / butalbital 50 MG / caffeine 40 MG / codeine phosphate 30 MG Oral Capsule [Ascomp]
996976	acetaminophen 500 MG / codeine phosphate 12.8 MG Oral Tablet
996978	acetaminophen 500 MG / codeine phosphate 13.5 MG Oral Tablet
996979	acetaminophen 500 MG / codeine phosphate 30 MG Oral Capsule
996981	acetaminophen 500 MG / codeine phosphate 8 MG Oral Capsule
996982	acetaminophen 500 MG / codeine phosphate 8 MG Oral Tablet
996988	aspirin 300 MG / codeine phosphate 8 MG Oral Tablet
996991	aspirin 325 MG / codeine phosphate 30 MG Oral Tablet
996994	aspirin 325 MG / codeine phosphate 60 MG Oral Tablet
997164	codeine phosphate 12.5 MG / ibuprofen 200 MG Oral Tablet
997165	codeine phosphate 12.8 MG / ibuprofen 200 MG Oral Tablet
997167	codeine sulfate 15 MG
997169	codeine phosphate 15 MG Oral Tablet
997170	codeine sulfate 15 MG Oral Tablet
997280	codeine phosphate 20 MG / ibuprofen 300 MG Extended Release Oral Tablet
997285	codeine phosphate 30 MG Oral Tablet
997286	codeine sulfate 30 MG
997287	codeine sulfate 30 MG Oral Tablet
997291	codeine sulfate 60 MG
997296	codeine sulfate 60 MG Oral Tablet
997301	codeine phosphate 60 MG Oral Tablet
998212	1 ML morphine sulfate 2 MG/ML Prefilled Syringe
998213	1 ML morphine sulfate 4 MG/ML Prefilled Syringe