1010600	buprenorphine 2 MG / naloxone 0.5 MG Sublingual Film
1010603	buprenorphine 2 MG / naloxone 0.5 MG Sublingual Film [Suboxone]
1010604	buprenorphine 8 MG / naloxone 2 MG Sublingual Film
1010606	buprenorphine 8 MG / naloxone 2 MG Sublingual Film [Suboxone]
1014599	acetaminophen 300 MG / oxycodone hydrochloride 10 MG Oral Tablet
1014615	acetaminophen 300 MG / oxycodone hydrochloride 5 MG Oral Tablet
1014632	acetaminophen 300 MG / oxycodone hydrochloride 7.5 MG Oral Tablet
1037259	acetaminophen 300 MG / oxycodone hydrochloride 2.5 MG Oral Tablet
1042693	chlorpheniramine maleate 0.4 MG/ML / codeine phosphate 2 MG/ML / phenylephrine hydrochloride 1 MG/ML Oral Solution
1044427	acetaminophen 20 MG/ML / hydrocodone bitartrate 0.667 MG/ML Oral Solution
1049214	acetaminophen 325 MG / oxycodone hydrochloride 10 MG Oral Tablet
1049216	acetaminophen 325 MG / oxycodone hydrochloride 10 MG Oral Tablet [Endocet]
1049221	acetaminophen 325 MG / oxycodone hydrochloride 5 MG Oral Tablet
1049223	acetaminophen 325 MG / oxycodone hydrochloride 5 MG Oral Tablet [Endocet]
1049225	acetaminophen 325 MG / oxycodone hydrochloride 7.5 MG Oral Tablet
1049227	acetaminophen 325 MG / oxycodone hydrochloride 7.5 MG Oral Tablet [Endocet]
1049233	acetaminophen 500 MG / oxycodone hydrochloride 7.5 MG Oral Tablet
1049251	acetaminophen 400 MG / oxycodone hydrochloride 10 MG Oral Tablet
1049260	acetaminophen 400 MG / oxycodone hydrochloride 5 MG Oral Tablet
1049267	acetaminophen 400 MG / oxycodone hydrochloride 7.5 MG Oral Tablet
1049270	acetaminophen 650 MG / oxycodone hydrochloride 10 MG Oral Tablet
1049502	12 HR oxycodone hydrochloride 10 MG Extended Release Oral Tablet
1049504	Abuse-Deterrent 12 HR oxycodone hydrochloride 10 MG Extended Release Oral Tablet [Oxycontin]
1049543	12 HR oxycodone hydrochloride 15 MG Extended Release Oral Tablet
1049545	Abuse-Deterrent 12 HR oxycodone hydrochloride 15 MG Extended Release Oral Tablet [Oxycontin]
1049563	12 HR oxycodone hydrochloride 20 MG Extended Release Oral Tablet
1049565	Abuse-Deterrent 12 HR oxycodone hydrochloride 20 MG Extended Release Oral Tablet [Oxycontin]
1049574	12 HR oxycodone hydrochloride 30 MG Extended Release Oral Tablet
1049576	Abuse-Deterrent 12 HR oxycodone hydrochloride 30 MG Extended Release Oral Tablet [Oxycontin]
1049580	acetaminophen 65 MG/ML / oxycodone hydrochloride 1 MG/ML Oral Solution
1049584	12 HR oxycodone hydrochloride 40 MG Extended Release Oral Tablet
1049586	Abuse-Deterrent 12 HR oxycodone hydrochloride 40 MG Extended Release Oral Tablet [Oxycontin]
1049589	ibuprofen 400 MG / oxycodone hydrochloride 5 MG Oral Tablet
1049593	12 HR oxycodone hydrochloride 60 MG Extended Release Oral Tablet
1049595	Abuse-Deterrent 12 HR oxycodone hydrochloride 60 MG Extended Release Oral Tablet [Oxycontin]
1049599	12 HR oxycodone hydrochloride 80 MG Extended Release Oral Tablet
1049601	Abuse-Deterrent 12 HR oxycodone hydrochloride 80 MG Extended Release Oral Tablet [Oxycontin]
1049604	oxycodone hydrochloride 1 MG/ML Oral Solution
1049611	oxycodone hydrochloride 15 MG Oral Tablet
1049613	oxycodone hydrochloride 15 MG Oral Tablet [Roxicodone]
1049615	oxycodone hydrochloride 20 MG/ML Oral Solution
1049618	oxycodone hydrochloride 30 MG Oral Tablet
1049620	oxycodone hydrochloride 30 MG Oral Tablet [Roxicodone]
1049621	oxycodone hydrochloride 5 MG Oral Tablet
1049623	oxycodone hydrochloride 5 MG Oral Tablet [Roxicodone]
1049625	acetaminophen 325 MG / oxycodone hydrochloride 10 MG Oral Tablet [Percocet]
1049635	acetaminophen 325 MG / oxycodone hydrochloride 2.5 MG Oral Tablet
1049637	acetaminophen 325 MG / oxycodone hydrochloride 2.5 MG Oral Tablet [Percocet]
1049640	acetaminophen 325 MG / oxycodone hydrochloride 5 MG Oral Tablet [Percocet]
1049642	acetaminophen 325 MG / oxycodone hydrochloride 7.5 MG Oral Tablet [Percocet]
1049651	acetaminophen 500 MG / oxycodone hydrochloride 10 MG Oral Tablet
1049658	acetaminophen 500 MG / oxycodone hydrochloride 5 MG Oral Capsule
1049683	oxycodone hydrochloride 10 MG Oral Tablet
1049686	oxycodone hydrochloride 20 MG Oral Tablet
1049696	oxycodone hydrochloride 5 MG Oral Capsule
1049717	oxycodone hydrochloride 10 MG Oral Capsule
1049719	oxycodone hydrochloride 10 MG/ML Injectable Solution
1049720	oxycodone hydrochloride 10 MG/ML Oral Solution
1049721	oxycodone hydrochloride 20 MG Oral Capsule
1049727	oxycodone hydrochloride 5 MG Extended Release Oral Tablet
1053647	fentanyl 0.1 MG Sublingual Tablet
1053651	fentanyl 0.1 MG Sublingual Tablet [Abstral]
1053652	fentanyl 0.2 MG Sublingual Tablet
1053654	fentanyl 0.2 MG Sublingual Tablet [Abstral]
1053655	fentanyl 0.3 MG Sublingual Tablet
1053657	fentanyl 0.3 MG Sublingual Tablet [Abstral]
1053658	fentanyl 0.4 MG Sublingual Tablet
1053660	fentanyl 0.4 MG Sublingual Tablet [Abstral]
1053661	fentanyl 0.6 MG Sublingual Tablet
1053663	fentanyl 0.6 MG Sublingual Tablet [Abstral]
1053664	fentanyl 0.8 MG Sublingual Tablet
1053666	fentanyl 0.8 MG Sublingual Tablet [Abstral]
106500	alfentanil 5 MG/ML Injectable Solution
106505	meptazinol 200 MG Oral Tablet
106507	papaveretum 15.4 MG/ML / scopolamine 0.4 MG/ML Injectable Solution
1087459	12 HR chlorpheniramine polistirex 1.6 MG/ML / hydrocodone polistirex 2 MG/ML Extended Release Suspension
1088951	codeine phosphate 1 MG/ML / guaifenesin 20 MG/ML / pseudoephedrine hydrochloride 3 MG/ML Oral Suspension
1088963	codeine phosphate 1 MG/ML / guaifenesin 20 MG/ML / pseudoephedrine hydrochloride 3.33 MG/ML Oral Suspension
1088968	codeine phosphate 1 MG/ML / guaifenesin 20 MG/ML / pseudoephedrine hydrochloride 3.75 MG/ML Oral Suspension
1088975	codeine phosphate 1 MG/ML / guaifenesin 20 MG/ML / pseudoephedrine hydrochloride 4 MG/ML Oral Suspension
1089021	codeine phosphate 1 MG/ML / guaifenesin 20 MG/ML / pseudoephedrine hydrochloride 4.29 MG/ML Oral Suspension
1089025	codeine phosphate 1 MG/ML / guaifenesin 20 MG/ML / pseudoephedrine hydrochloride 5 MG/ML Oral Suspension
1089028	codeine phosphate 1 MG/ML / guaifenesin 20 MG/ML / pseudoephedrine hydrochloride 6 MG/ML Oral Suspension
1089055	codeine phosphate 10 MG / guaifenesin 400 MG / pseudoephedrine hydrochloride 20 MG Oral Tablet
1089058	codeine phosphate 10 MG / guaifenesin 400 MG / pseudoephedrine hydrochloride 30 MG Oral Tablet
1098906	brompheniramine maleate 0.4 MG/ML / guaifenesin 40 MG/ML / hydrocodone bitartrate 1 MG/ML Oral Solution
1112220	chlorpheniramine maleate 0.8 MG/ML / hydrocodone bitartrate 1 MG/ML / pseudoephedrine hydrochloride 12 MG/ML Oral Solution
1113314	oxycodone hydrochloride 7.5 MG Oral Tablet
1113417	chlorpheniramine maleate 0.4 MG/ML / codeine phosphate 2 MG/ML / pseudoephedrine hydrochloride 6 MG/ML Oral Solution
1114026	codeine phosphate 1.6 MG/ML / guaifenesin 40 MG/ML Oral Solution
1115573	fentanyl 0.1 MG/ACTUAT Metered Dose Nasal Spray
1115575	fentanyl 0.1 MG/ACTUAT Metered Dose Nasal Spray [Lazanda]
1115577	fentanyl 0.4 MG/ACTUAT Metered Dose Nasal Spray
1115579	fentanyl 0.4 MG/ACTUAT Metered Dose Nasal Spray [Lazanda]
1148478	24 HR tramadol hydrochloride 100 MG Extended Release Oral Capsule
1148482	24 HR tramadol hydrochloride 100 MG Extended Release Oral Capsule [ConZip]
1148485	24 HR tramadol hydrochloride 200 MG Extended Release Oral Capsule
1148487	24 HR tramadol hydrochloride 200 MG Extended Release Oral Capsule [ConZip]
1148489	24 HR tramadol hydrochloride 300 MG Extended Release Oral Capsule
1148491	24 HR tramadol hydrochloride 300 MG Extended Release Oral Capsule [ConZip]
1148797	12 HR tapentadol 100 MG Extended Release Oral Tablet
1148800	12 HR tapentadol 150 MG Extended Release Oral Tablet
1148803	12 HR tapentadol 200 MG Extended Release Oral Tablet
1148807	12 HR tapentadol 250 MG Extended Release Oral Tablet
1148809	12 HR tapentadol 50 MG Extended Release Oral Tablet
1149367	12 HR tapentadol 100 MG Extended Release Oral Tablet [Nucynta]
1149370	12 HR tapentadol 150 MG Extended Release Oral Tablet [Nucynta]
1149373	12 HR tapentadol 200 MG Extended Release Oral Tablet [Nucynta]
1149376	12 HR tapentadol 250 MG Extended Release Oral Tablet [Nucynta]
1149378	12 HR tapentadol 50 MG Extended Release Oral Tablet [Nucynta]
1190201	acetaminophen 320.5 MG / caffeine 30 MG / dihydrocodeine bitartrate 16 MG Oral Capsule [Trezix]
1190568	atropine sulfate 0.005 MG/ML / diphenoxylate hydrochloride 0.5 MG/ML Oral Solution
1190572	atropine sulfate 0.025 MG / diphenoxylate hydrochloride 2.5 MG Oral Tablet
1190580	codeine phosphate 1.2 MG/ML / dexbrompheniramine maleate 0.133 MG/ML / pseudoephedrine hydrochloride 4 MG/ML Oral Solution
1233687	fentanyl 0.004 MG/ML / ropivacaine hydrochloride 2 MG/ML Injectable Solution
1234871	acetaminophen 356.4 MG / caffeine 30 MG / dihydrocodeine bitartrate 16 MG Oral Capsule
1234872	aspirin 356.4 MG / caffeine 30 MG / dihydrocodeine bitartrate 16 MG Oral Capsule
1234978	acetaminophen 712.8 MG / caffeine 60 MG / dihydrocodeine bitartrate 32 MG Oral Tablet
1234999	acetaminophen 500 MG / dihydrocodeine bitartrate 10 MG Oral Tablet
1235009	acetaminophen 500 MG / dihydrocodeine bitartrate 20 MG Oral Tablet
1235011	acetaminophen 500 MG / dihydrocodeine bitartrate 30 MG Oral Tablet
1235862	chlorcyclizine hydrochloride 2.5 MG/ML / codeine phosphate 1.8 MG/ML / pseudoephedrine hydrochloride 6 MG/ML Oral Solution
1236179	dihydrocodeine bitartrate 120 MG Extended Release Oral Tablet
1236182	dihydrocodeine bitartrate 30 MG Oral Tablet
1236184	dihydrocodeine bitartrate 40 MG Oral Tablet
1236188	dihydrocodeine bitartrate 60 MG Extended Release Oral Tablet
1236190	dihydrocodeine bitartrate 90 MG Extended Release Oral Tablet
1236214	dihydrocodeine bitartrate 10 MG Oral Tablet
1236218	dihydrocodeine bitartrate 2.42 MG/ML Oral Solution
1237050	fentanyl 0.1 MG/ACTUAT Mucosal Spray
1237055	fentanyl 0.1 MG/ACTUAT Mucosal Spray [Subsys]
1237057	fentanyl 0.2 MG/ACTUAT Mucosal Spray
1237059	fentanyl 0.2 MG/ACTUAT Mucosal Spray [Subsys]
1237060	fentanyl 0.4 MG/ACTUAT Mucosal Spray
1237062	fentanyl 0.4 MG/ACTUAT Mucosal Spray [Subsys]
1237064	fentanyl 0.6 MG/ACTUAT Mucosal Spray
1237066	fentanyl 0.6 MG/ACTUAT Mucosal Spray [Subsys]
1237068	fentanyl 0.8 MG/ACTUAT Mucosal Spray
1237070	fentanyl 0.8 MG/ACTUAT Mucosal Spray [Subsys]
1242106	1 ML meperidine hydrochloride 100 MG/ML Cartridge [Demerol]
1242503	1 ML meperidine hydrochloride 25 MG/ML Cartridge [Demerol]
1248115	24 HR tramadol hydrochloride 150 MG Extended Release Oral Capsule
1294356	bromodiphenhydramine hydrochloride 2.5 MG/ML / codeine phosphate 2 MG/ML Oral Solution
1302739	butorphanol 10 MG/ML Injectable Solution
1302741	butorphanol 10 MG/ML Injectable Solution [Dolorex Solution]
1303736	morphine sulfate 40 MG Extended Release Oral Capsule
1306898	24 HR hydromorphone hydrochloride 32 MG Extended Release Oral Tablet
1307056	buprenorphine 4 MG / naloxone 1 MG Sublingual Film
1307058	buprenorphine 4 MG / naloxone 1 MG Sublingual Film [Suboxone]
1307061	buprenorphine 12 MG / naloxone 3 MG Sublingual Film
1307063	buprenorphine 12 MG / naloxone 3 MG Sublingual Film [Suboxone]
1356315	tapentadol 20 MG/ML Oral Solution
1356797	brompheniramine maleate 4 MG / codeine phosphate 10 MG / phenylephrine hydrochloride 10 MG Oral Tablet
1356800	brompheniramine maleate 4 MG / codeine phosphate 10 MG Oral Tablet
1356804	brompheniramine maleate 4 MG / codeine phosphate 20 MG / phenylephrine hydrochloride 10 MG Oral Tablet
1356807	brompheniramine maleate 4 MG / codeine phosphate 20 MG Oral Tablet
1357402	brompheniramine maleate 0.4 MG/ML / codeine phosphate 2 MG/ML / phenylpropanolamine hydrochloride 2.5 MG/ML Oral Solution
1366873	hydrocodone bitartrate 5 MG / pseudoephedrine hydrochloride 60 MG Oral Tablet
1431076	buprenorphine 1.4 MG / naloxone 0.36 MG Sublingual Tablet
1431083	buprenorphine 1.4 MG / naloxone 0.36 MG Sublingual Tablet [Zubsolv]
1431102	buprenorphine 5.7 MG / naloxone 1.4 MG Sublingual Tablet
1431104	buprenorphine 5.7 MG / naloxone 1.4 MG Sublingual Tablet [Zubsolv]
1431286	acetaminophen 300 MG / butalbital 50 MG / caffeine 40 MG / codeine phosphate 30 MG Oral Capsule
1432969	168 HR buprenorphine 0.015 MG/HR Transdermal System
1432971	168 HR buprenorphine 0.015 MG/HR Transdermal System [BuTrans]
1433251	0.5 ML hydromorphone hydrochloride 1 MG/ML Prefilled Syringe
1433802	acetaminophen 300 MG / butalbital 50 MG / caffeine 40 MG / codeine phosphate 30 MG Oral Capsule [Fioricet with Codeine]
1440003	codeine phosphate 1.8 MG/ML / dexchlorpheniramine maleate 0.2 MG/ML / phenylephrine hydrochloride 1 MG/ML Oral Solution
1442445	acetaminophen 20 MG/ML / hydrocodone bitartrate 0.667 MG/ML Oral Solution [Lortab]
1442790	1 ML morphine sulfate 5 MG/ML Prefilled Syringe
1487288	acetaminophen 325 MG / oxycodone hydrochloride 2.5 MG Oral Tablet [Endocet]
1489991	butorphanol 10 MG/ML Injectable Solution [Torbugesic]
1492673	acetaminophen 325 MG / hydrocodone bitartrate 5 MG Oral Tablet [Lorcet]
1495472	acetaminophen 325 MG / hydrocodone bitartrate 10 MG Oral Tablet [Lortab]
1495474	acetaminophen 325 MG / hydrocodone bitartrate 5 MG Oral Tablet [Lortab]
1495476	acetaminophen 325 MG / hydrocodone bitartrate 7.5 MG Oral Tablet [Lortab]
1536457	acetaminophen 500 MG / codeine phosphate 8 MG Effervescent Oral Tablet
1536459	acetaminophen 500 MG / codeine phosphate 30 MG Effervescent Oral Tablet
1537116	acetaminophen 300 MG / oxycodone hydrochloride 5 MG Oral Tablet [Primlev]
1537120	acetaminophen 300 MG / oxycodone hydrochloride 10 MG Oral Tablet [Primlev]
1537122	acetaminophen 300 MG / oxycodone hydrochloride 7.5 MG Oral Tablet [Primlev]
1541630	brompheniramine maleate 0.8 MG/ML / codeine phosphate 2 MG/ML / phenylephrine hydrochloride 2 MG/ML Oral Solution
1542390	buprenorphine 2.1 MG / naloxone 0.3 MG Buccal Film
1542396	buprenorphine 2.1 MG / naloxone 0.3 MG Buccal Film [Bunavail]
1542981	acetaminophen 325 MG / hydrocodone bitartrate 2.5 MG Oral Tablet [Verdrocet]
1542988	hydrocodone bitartrate 10 MG / ibuprofen 200 MG Oral Tablet [Xylon]
1542997	168 HR buprenorphine 0.0075 MG/HR Transdermal System
1542999	168 HR buprenorphine 0.0075 MG/HR Transdermal System [BuTrans]
1544851	buprenorphine 4.2 MG / naloxone 0.7 MG Buccal Film
1544853	buprenorphine 4.2 MG / naloxone 0.7 MG Buccal Film [Bunavail]
1544854	buprenorphine 6.3 MG / naloxone 1 MG Buccal Film
1544856	buprenorphine 6.3 MG / naloxone 1 MG Buccal Film [Bunavail]
1594650	buprenorphine 1.8 MG/ML Injectable Solution
1594655	buprenorphine 1.8 MG/ML Injectable Solution [Simbadol]
1595730	Abuse-Deterrent 24 HR hydrocodone bitartrate 20 MG Extended Release Oral Tablet
1595736	Abuse-Deterrent 24 HR hydrocodone bitartrate 20 MG Extended Release Oral Tablet [Hysingla]
1595740	Abuse-Deterrent 24 HR hydrocodone bitartrate 30 MG Extended Release Oral Tablet
1595742	Abuse-Deterrent 24 HR hydrocodone bitartrate 30 MG Extended Release Oral Tablet [Hysingla]
1595746	Abuse-Deterrent 24 HR hydrocodone bitartrate 40 MG Extended Release Oral Tablet
1595748	Abuse-Deterrent 24 HR hydrocodone bitartrate 40 MG Extended Release Oral Tablet [Hysingla]
1595752	Abuse-Deterrent 24 HR hydrocodone bitartrate 60 MG Extended Release Oral Tablet
1595754	Abuse-Deterrent 24 HR hydrocodone bitartrate 60 MG Extended Release Oral Tablet [Hysingla]
1595758	Abuse-Deterrent 24 HR hydrocodone bitartrate 80 MG Extended Release Oral Tablet
1595760	Abuse-Deterrent 24 HR hydrocodone bitartrate 80 MG Extended Release Oral Tablet [Hysingla]
1595764	Abuse-Deterrent 24 HR hydrocodone bitartrate 100 MG Extended Release Oral Tablet
1595766	Abuse-Deterrent 24 HR hydrocodone bitartrate 100 MG Extended Release Oral Tablet [Hysingla]
1595770	Abuse-Deterrent 24 HR hydrocodone bitartrate 120 MG Extended Release Oral Tablet
1595772	Abuse-Deterrent 24 HR hydrocodone bitartrate 120 MG Extended Release Oral Tablet [Hysingla]
1596108	acetaminophen 320.5 MG / caffeine 30 MG / dihydrocodeine bitartrate 16 MG Oral Capsule
1597568	buprenorphine 11.4 MG / naloxone 2.9 MG Sublingual Tablet
1597570	buprenorphine 11.4 MG / naloxone 2.9 MG Sublingual Tablet [Zubsolv]
1597573	buprenorphine 8.6 MG / naloxone 2.1 MG Sublingual Tablet
1597575	buprenorphine 8.6 MG / naloxone 2.1 MG Sublingual Tablet [Zubsolv]
1603495	72 HR fentanyl 0.0375 MG/HR Transdermal System
1603498	72 HR fentanyl 0.0625 MG/HR Transdermal System
1603501	72 HR fentanyl 0.0875 MG/HR Transdermal System
1651558	guaifenesin 40 MG/ML / hydrocodone bitartrate 0.5 MG/ML / pseudoephedrine hydrochloride 6 MG/ML Oral Solution
1652087	12 HR chlorpheniramine polistirex 0.8 MG/ML / codeine polistirex 4 MG/ML Extended Release Suspension
1655032	1 ML buprenorphine 0.3 MG/ML Cartridge
1661319	codeine phosphate 2 MG/ML / phenylephrine hydrochloride 2 MG/ML / triprolidine hydrochloride 0.5 MG/ML Oral Solution
1664448	oxycodone hydrochloride 5 MG Oral Tablet [Oxaydo]
1664543	12 HR chlorpheniramine maleate 8 MG / codeine phosphate 54.3 MG Extended Release Oral Tablet
1664634	oxycodone hydrochloride 7.5 MG Oral Tablet [Oxaydo]
1665685	1 ML meperidine hydrochloride 100 MG/ML Injection
1665697	1 ML meperidine hydrochloride 50 MG/ML Injection
1665699	0.5 ML meperidine hydrochloride 50 MG/ML Injection
1665701	2 ML meperidine hydrochloride 50 MG/ML Injection
1666338	buprenorphine 2.9 MG / naloxone 0.71 MG Sublingual Tablet
1666385	buprenorphine 2.9 MG / naloxone 0.71 MG Sublingual Tablet [Zubsolv]
1666831	80 ACTUAT fentanyl 0.04 MG/ACTUAT Transdermal System
1666837	80 ACTUAT fentanyl 0.04 MG/ACTUAT Transdermal System [Ionsys]
1716057	buprenorphine 0.15 MG Buccal Film
1716063	buprenorphine 0.15 MG Buccal Film [Belbuca]
1716065	buprenorphine 0.3 MG Buccal Film
1716067	buprenorphine 0.3 MG Buccal Film [Belbuca]
1716069	buprenorphine 0.45 MG Buccal Film
1716071	buprenorphine 0.45 MG Buccal Film [Belbuca]
1716073	buprenorphine 0.6 MG Buccal Film
1716075	buprenorphine 0.6 MG Buccal Film [Belbuca]
1716077	buprenorphine 0.075 MG Buccal Film
1716079	buprenorphine 0.075 MG Buccal Film [Belbuca]
1716081	buprenorphine 0.75 MG Buccal Film
1716083	buprenorphine 0.75 MG Buccal Film [Belbuca]
1716086	buprenorphine 0.9 MG Buccal Film
1716090	buprenorphine 0.9 MG Buccal Film [Belbuca]
1723206	2 ML alfentanil 0.5 MG/ML Injection
1723208	10 ML alfentanil 0.5 MG/ML Injection
1723209	20 ML alfentanil 0.5 MG/ML Injection
1723210	5 ML alfentanil 0.5 MG/ML Injection
1724276	1 ML hydromorphone hydrochloride 2 MG/ML Injection
1724338	1 ML hydromorphone hydrochloride 10 MG/ML Injection
1724340	5 ML hydromorphone hydrochloride 10 MG/ML Injection
1724341	50 ML hydromorphone hydrochloride 10 MG/ML Injection
1724383	1 ML hydromorphone hydrochloride 1 MG/ML Cartridge
1724644	1 ML hydromorphone hydrochloride 2 MG/ML Cartridge
1728351	1 ML butorphanol tartrate 2 MG/ML Injection
1728355	2 ML butorphanol tartrate 2 MG/ML Injection
1728783	10 ML morphine sulfate 0.5 MG/ML Injection
1728791	2 ML morphine sulfate 0.5 MG/ML Injection
1728800	10 ML morphine sulfate 1 MG/ML Injection
1728805	2 ML morphine sulfate 1 MG/ML Injection
1728999	30 ML morphine sulfate 1 MG/ML Injection
1729197	1 ML morphine sulfate 2 MG/ML Cartridge
1729320	fentanyl 0.3 MG/ACTUAT Metered Dose Nasal Spray
1729322	fentanyl 0.3 MG/ACTUAT Metered Dose Nasal Spray [Lazanda]
1729578	remifentanil 1 MG Injection
1729584	remifentanil 2 MG Injection
1729710	remifentanil 5 MG Injection
1731520	4 ML morphine sulfate 25 MG/ML Injection
1731522	20 ML morphine sulfate 25 MG/ML Injection
1731537	20 ML morphine sulfate 50 MG/ML Injection
1731545	50 ML morphine sulfate 50 MG/ML Injection
1731990	1.5 ML morphine sulfate liposomal 10 MG/ML Injection
1731993	1 ML morphine sulfate 10 MG/ML Injection
1731995	1 ML morphine sulfate 10 MG/ML Cartridge
1731998	20 ML morphine sulfate 10 MG/ML Injection
1731999	20 ML morphine sulfate 10 MG/ML Injection [Infumorph]
1732003	1 ML morphine sulfate 8 MG/ML Cartridge
1732006	1 ML morphine sulfate 4 MG/ML Injection
1732011	1 ML morphine sulfate 8 MG/ML Injection
1732014	1 ML morphine sulfate 4 MG/ML Cartridge
1732136	1 ML morphine sulfate 5 MG/ML Injection
1732138	30 ML morphine sulfate 5 MG/ML Injection
1733080	1 ML morphine sulfate 15 MG/ML Cartridge
1735003	2 ML fentanyl 0.05 MG/ML Injection
1735006	10 ML fentanyl 0.05 MG/ML Injection
1735007	5 ML fentanyl 0.05 MG/ML Injection
1735008	20 ML fentanyl 0.05 MG/ML Injection
1735013	50 ML fentanyl 0.05 MG/ML Injection
1740007	{2 (fentanyl 0.6 MG/ACTUAT Mucosal Spray) } Pack
1740008	{2 (fentanyl 0.6 MG/ACTUAT Mucosal Spray [Subsys]) } Pack [Subsys 1200 MCG]
1740009	{2 (fentanyl 0.8 MG/ACTUAT Mucosal Spray) } Pack
1740010	{2 (fentanyl 0.8 MG/ACTUAT Mucosal Spray [Subsys]) } Pack [Subsys 1600 MCG]
1790527	Abuse-Deterrent 12 HR oxycodone 9 MG Extended Release Oral Capsule
1790533	Abuse-Deterrent 12 HR oxycodone 9 MG Extended Release Oral Capsule [Xtampza]
1791558	Abuse-Deterrent 12 HR oxycodone 13.5 MG Extended Release Oral Capsule
1791560	Abuse-Deterrent 12 HR oxycodone 13.5 MG Extended Release Oral Capsule [Xtampza]
1791567	Abuse-Deterrent 12 HR oxycodone 18 MG Extended Release Oral Capsule
1791569	Abuse-Deterrent 12 HR oxycodone 18 MG Extended Release Oral Capsule [Xtampza]
1791574	Abuse-Deterrent 12 HR oxycodone 27 MG Extended Release Oral Capsule
1791576	Abuse-Deterrent 12 HR oxycodone 27 MG Extended Release Oral Capsule [Xtampza]
1791580	Abuse-Deterrent 12 HR oxycodone 36 MG Extended Release Oral Capsule
1791582	Abuse-Deterrent 12 HR oxycodone 36 MG Extended Release Oral Capsule [Xtampza]
1792707	codeine phosphate 2 MG/ML / guaifenesin 40 MG/ML / pseudoephedrine hydrochloride 6 MG/ML Oral Solution
1797650	buprenorphine 74.2 MG Drug Implant
1797655	buprenorphine 74.2 MG Drug Implant [Probuphine]
1809097	1 ML sufentanil 0.05 MG/ML Injection
1809102	2 ML sufentanil 0.05 MG/ML Injection
1809104	5 ML sufentanil 0.05 MG/ML Injection
1809204	butorphanol tartrate 2 MG/ML Injectable Solution [Torbugesic]
1812164	acetaminophen 325 MG / caffeine 30 MG / dihydrocodeine bitartrate 16 MG Oral Tablet
1860127	Abuse-Deterrent 12 HR oxycodone hydrochloride 60 MG Extended Release Oral Tablet
1860129	Abuse-Deterrent 12 HR oxycodone hydrochloride 20 MG Extended Release Oral Tablet
1860137	Abuse-Deterrent 12 HR oxycodone hydrochloride 40 MG Extended Release Oral Tablet
1860148	Abuse-Deterrent 12 HR oxycodone hydrochloride 80 MG Extended Release Oral Tablet
1860151	Abuse-Deterrent 12 HR oxycodone hydrochloride 30 MG Extended Release Oral Tablet
1860154	Abuse-Deterrent 12 HR oxycodone hydrochloride 15 MG Extended Release Oral Tablet
1860157	Abuse-Deterrent 12 HR oxycodone hydrochloride 10 MG Extended Release Oral Tablet
1860491	12 HR hydrocodone bitartrate 10 MG Extended Release Oral Capsule
1860493	12 HR hydrocodone bitartrate 15 MG Extended Release Oral Capsule
1860495	12 HR hydrocodone bitartrate 20 MG Extended Release Oral Capsule
1860497	12 HR hydrocodone bitartrate 30 MG Extended Release Oral Capsule
1860499	12 HR hydrocodone bitartrate 40 MG Extended Release Oral Capsule
1860501	12 HR hydrocodone bitartrate 50 MG Extended Release Oral Capsule
1864412	buprenorphine 0.7 MG / naloxone 0.18 MG Sublingual Tablet
1864414	buprenorphine 0.7 MG / naloxone 0.18 MG Sublingual Tablet [Zubsolv]
1866543	1 ML nalbuphine hydrochloride 10 MG/ML Injection
1866551	1 ML nalbuphine hydrochloride 20 MG/ML Injection
1871434	Abuse-Deterrent 12 HR morphine sulfate 15 MG Extended Release Oral Tablet
1871440	Abuse-Deterrent 12 HR morphine sulfate 15 MG Extended Release Oral Tablet [Arymo]
1871441	Abuse-Deterrent 12 HR morphine sulfate 30 MG Extended Release Oral Tablet
1871443	Abuse-Deterrent 12 HR morphine sulfate 30 MG Extended Release Oral Tablet [Arymo]
1871444	Abuse-Deterrent 12 HR morphine sulfate 60 MG Extended Release Oral Tablet
1871446	Abuse-Deterrent 12 HR morphine sulfate 60 MG Extended Release Oral Tablet [Arymo]
1872265	1 ML hydromorphone hydrochloride 1 MG/ML Prefilled Syringe [Dilaudid]
1872269	1 ML hydromorphone hydrochloride 2 MG/ML Prefilled Syringe [Dilaudid]
1872271	1 ML hydromorphone hydrochloride 4 MG/ML Prefilled Syringe
1872272	1 ML hydromorphone hydrochloride 4 MG/ML Prefilled Syringe [Dilaudid]
1872752	0.5 ML hydromorphone hydrochloride 1 MG/ML Prefilled Syringe [Dilaudid]
1944529	Abuse-Deterrent oxycodone hydrochloride 15 MG Oral Tablet
1944535	Abuse-Deterrent oxycodone hydrochloride 15 MG Oral Tablet [Roxybond]
1944538	Abuse-Deterrent oxycodone hydrochloride 30 MG Oral Tablet
1944540	Abuse-Deterrent oxycodone hydrochloride 30 MG Oral Tablet [Roxybond]
1944541	Abuse-Deterrent oxycodone hydrochloride 5 MG Oral Tablet
1944543	Abuse-Deterrent oxycodone hydrochloride 5 MG Oral Tablet [Roxybond]
1946525	Matrix Delivery 24 HR tramadol hydrochloride 300 MG Extended Release Oral Tablet
1946527	Matrix Delivery 24 HR tramadol hydrochloride 200 MG Extended Release Oral Tablet
1946529	Matrix Delivery 24 HR tramadol hydrochloride 100 MG Extended Release Oral Tablet
197696	72 HR fentanyl 0.075 MG/HR Transdermal System
197873	levorphanol tartrate 2 MG Oral Tablet
1996184	0.5 ML buprenorphine 200 MG/ML Prefilled Syringe
1996189	0.5 ML buprenorphine 200 MG/ML Prefilled Syringe [Sublocade]
1996192	1.5 ML buprenorphine 200 MG/ML Prefilled Syringe
1996193	1.5 ML buprenorphine 200 MG/ML Prefilled Syringe [Sublocade]
2003714	1 ML morphine sulfate 2 MG/ML Injection
2045500	acetaminophen 300 MG / oxycodone hydrochloride 2.5 MG Oral Tablet [Nalocet]
2055307	20 ML morphine sulfate 10 MG/ML Injection [Mitigo]
2055311	20 ML morphine sulfate 25 MG/ML Injection [Mitigo]
205533	1 ML buprenorphine 0.3 MG/ML Injection [Buprenex]
2056893	chlorpheniramine maleate 0.8 MG/ML / codeine phosphate 2 MG/ML / phenylephrine hydrochloride 2 MG/ML Oral Solution
2058845	levorphanol tartrate 3 MG Oral Tablet
2103192	sufentanil 0.03 MG Sublingual Tablet
2105822	acetaminophen 60 MG/ML / oxycodone hydrochloride 2 MG/ML Oral Solution
2105929	acetaminophen 325 MG / caffeine 30 MG / dihydrocodeine bitartrate 16 MG Oral Tablet [Dvorah]
2168270	1 ML fentanyl 0.05 MG/ML Injection
2179635	tramadol hydrochloride 100 MG Oral Tablet
2277368	1 ML hydromorphone hydrochloride 0.2 MG/ML Prefilled Syringe
2277370	1 ML hydromorphone hydrochloride 0.2 MG/ML Prefilled Syringe [Dilaudid]
2279510	acetaminophen 300 MG / oxycodone hydrochloride 10 MG Oral Tablet [Prolate]
2279512	acetaminophen 300 MG / oxycodone hydrochloride 5 MG Oral Tablet [Prolate]
2279514	acetaminophen 300 MG / oxycodone hydrochloride 7.5 MG Oral Tablet [Prolate]
2281851	acetaminophen 60 MG/ML / oxycodone hydrochloride 2 MG/ML Oral Solution [Prolate]
238129	1 ML buprenorphine 0.3 MG/ML Injection
238133	pentazocine 30 MG/ML Injectable Solution
2392234	1 ML oliceridine 1 MG/ML Injection
2392239	1 ML oliceridine 1 MG/ML Injection [Olinvyk]
2392242	2 ML oliceridine 1 MG/ML Injection
2392243	2 ML oliceridine 1 MG/ML Injection [Olinvyk]
2392244	30 ML oliceridine 1 MG/ML Injection
2392245	30 ML oliceridine 1 MG/ML Injection [Olinvyk]
2395808	tramadol hydrochloride 5 MG/ML Oral Solution
2395814	tramadol hydrochloride 5 MG/ML Oral Solution [Qdolo]
245134	72 HR fentanyl 0.025 MG/HR Transdermal System
245135	72 HR fentanyl 0.05 MG/HR Transdermal System
245136	72 HR fentanyl 0.1 MG/HR Transdermal System
246474	buprenorphine 0.2 MG Sublingual Tablet
2474267	2 ML fentanyl 0.05 MG/ML Prefilled Syringe
2474269	1 ML fentanyl 0.05 MG/ML Prefilled Syringe
250304	cyclizine 50 MG/ML / morphine 10 MG/ML Injectable Solution
250305	cyclizine 50 MG/ML / morphine 15 MG/ML Injectable Solution
250426	buprenorphine 0.4 MG Sublingual Tablet
250473	heroin 10 MG Oral Tablet
250485	pentazocine 25 MG Oral Tablet
250486	pentazocine 50 MG Oral Capsule
250877	pentazocine 50 MG Rectal Suppository
250879	dextromoramide 5 MG Oral Tablet
250880	dextromoramide 10 MG Oral Tablet
251210	meptazinol 100 MG/ML Injectable Solution
2539186	1 ML meperidine hydrochloride 50 MG/ML Prefilled Syringe
2539191	1 ML meperidine hydrochloride 25 MG/ML Prefilled Syringe
2588478	celecoxib 56 MG / tramadol hydrochloride 44 MG Oral Tablet
2588484	celecoxib 56 MG / tramadol hydrochloride 44 MG Oral Tablet [Seglentis]
2599846	buprenorphine 20 MG/ML Topical Solution
2599851	buprenorphine 20 MG/ML Topical Solution [Zorbium]
261106	fentanyl 0.2 MG Oral Lozenge [Actiq]
261107	fentanyl 0.6 MG Oral Lozenge [Actiq]
261108	fentanyl 0.8 MG Oral Lozenge [Actiq]
261109	fentanyl 1.2 MG Oral Lozenge [Actiq]
261110	fentanyl 1.6 MG Oral Lozenge [Actiq]
261184	72 HR fentanyl 0.025 MG/HR Transdermal System [Duragesic]
261185	72 HR fentanyl 0.05 MG/HR Transdermal System [Duragesic]
261186	72 HR fentanyl 0.075 MG/HR Transdermal System [Duragesic]
262071	72 HR fentanyl 0.1 MG/HR Transdermal System [Duragesic]
262219	fentanyl 0.4 MG Oral Lozenge [Actiq]
310293	fentanyl 1.2 MG Oral Lozenge
310294	fentanyl 1.6 MG Oral Lozenge
310295	fentanyl 0.2 MG Oral Lozenge
310296	fentanyl 0.3 MG Oral Lozenge
310297	fentanyl 0.4 MG Oral Lozenge
312104	belladonna alkaloids 16.2 MG / opium 30 MG Rectal Suppository
312107	belladonna alkaloids 16.2 MG / opium 60 MG Rectal Suppository
312288	acetaminophen 650 MG / pentazocine 25 MG Oral Tablet
312289	naloxone 0.5 MG / pentazocine 50 MG Oral Tablet
313992	fentanyl 0.6 MG Oral Lozenge
313993	fentanyl 0.8 MG Oral Lozenge
351264	buprenorphine 2 MG Sublingual Tablet
351265	buprenorphine 8 MG Sublingual Tablet
351266	buprenorphine 2 MG / naloxone 0.5 MG Sublingual Tablet
351267	buprenorphine 8 MG / naloxone 2 MG Sublingual Tablet
577057	72 HR fentanyl 0.012 MG/HR Transdermal System
583490	72 HR fentanyl 0.012 MG/HR Transdermal System [Duragesic]
637540	aspirin 325 MG / oxycodone hydrochloride 4.5 MG / oxycodone terephthalate 0.38 MG Oral Tablet
668363	fentanyl 0.1 MG Buccal Tablet
668364	fentanyl 0.2 MG Buccal Tablet
668365	fentanyl 0.4 MG Buccal Tablet
668366	fentanyl 0.6 MG Buccal Tablet
668367	fentanyl 0.8 MG Buccal Tablet
668622	fentanyl 0.1 MG Buccal Tablet [Fentora]
668624	fentanyl 0.2 MG Buccal Tablet [Fentora]
668626	fentanyl 0.4 MG Buccal Tablet [Fentora]
668628	fentanyl 0.6 MG Buccal Tablet [Fentora]
668630	fentanyl 0.8 MG Buccal Tablet [Fentora]
706898	fentanyl 0.3 MG Buccal Tablet
724614	aspirin 325 MG / oxycodone hydrochloride 2.25 MG / oxycodone terephthalate 0.19 MG Oral Tablet
727759	2 ML fentanyl 0.05 MG/ML Cartridge
825409	tapentadol 100 MG Oral Tablet
825411	tapentadol 50 MG Oral Tablet
825413	tapentadol 75 MG Oral Tablet
827748	propoxyphene napsylate 100 MG Oral Tablet
827751	acetaminophen 325 MG / propoxyphene napsylate 100 MG Oral Tablet
828576	acetaminophen 650 MG / propoxyphene napsylate 100 MG Oral Tablet
828585	aspirin 389 MG / caffeine 32.4 MG / propoxyphene hydrochloride 32 MG Oral Capsule
828594	aspirin 389 MG / caffeine 32.4 MG / propoxyphene hydrochloride 65 MG Oral Capsule
830196	opium tincture 100 MG/ML Oral Solution
833036	acetaminophen 750 MG / hydrocodone bitartrate 7.5 MG Oral Tablet
833709	24 HR tramadol hydrochloride 100 MG Extended Release Oral Tablet
833711	24 HR tramadol hydrochloride 200 MG Extended Release Oral Tablet
833713	24 HR tramadol hydrochloride 300 MG Extended Release Oral Tablet
835603	tramadol hydrochloride 50 MG Oral Tablet
835605	tramadol hydrochloride 50 MG Oral Tablet [Ultram]
836395	acetaminophen 325 MG / tramadol hydrochloride 37.5 MG Oral Tablet
836397	acetaminophen 325 MG / tramadol hydrochloride 37.5 MG Oral Tablet [Ultracet]
836408	tramadol hydrochloride 50 MG Disintegrating Oral Tablet
836466	tramadol hydrochloride 50 MG Oral Capsule
836485	tramadol hydrochloride 1 MG/ML Oral Solution
845315	24 HR tramadol hydrochloride 200 MG Extended Release Oral Tablet [Ultram]
845316	24 HR tramadol hydrochloride 300 MG Extended Release Oral Tablet [Ultram]
848768	aspirin 325 MG / oxycodone hydrochloride 4.84 MG Oral Tablet
848928	aspirin 325 MG / oxycodone hydrochloride 4.84 MG Oral Tablet [Endodan Reformulated May 2009]
849279	propoxyphene hydrochloride 65 MG Oral Capsule
849293	acetaminophen 325 MG / propoxyphene hydrochloride 32.5 MG Oral Tablet
849295	acetaminophen 325 MG / propoxyphene napsylate 50 MG Oral Tablet
849304	acetaminophen 500 MG / propoxyphene napsylate 100 MG Oral Tablet
849329	tramadol hydrochloride 50 MG/ML Injectable Solution
849331	tramadol hydrochloride 75 MG Extended Release Oral Tablet
849561	12 HR tramadol hydrochloride 150 MG Extended Release Oral Tablet
849903	tramadol hydrochloride 50 MG Extended Release Oral Capsule
854140	tapentadol 100 MG Oral Tablet [Nucynta]
854142	tapentadol 50 MG Oral Tablet [Nucynta]
854144	tapentadol 75 MG Oral Tablet [Nucynta]
856903	acetaminophen 500 MG / hydrocodone bitartrate 5 MG Oral Tablet
856908	acetaminophen 660 MG / hydrocodone bitartrate 10 MG Oral Tablet
856940	acetaminophen 21.7 MG/ML / hydrocodone bitartrate 0.5 MG/ML Oral Solution
856942	acetaminophen 21.7 MG/ML / hydrocodone bitartrate 0.5 MG/ML Oral Solution [Hycet]
856944	acetaminophen 21.7 MG/ML / hydrocodone bitartrate 0.67 MG/ML Oral Solution
856946	acetaminophen 21.7 MG/ML / hydrocodone bitartrate 0.67 MG/ML Oral Solution [Zamicet]
856962	acetaminophen 500 MG / hydrocodone bitartrate 5 MG Oral Capsule
856980	acetaminophen 300 MG / hydrocodone bitartrate 10 MG Oral Tablet
856987	acetaminophen 300 MG / hydrocodone bitartrate 5 MG Oral Tablet
856992	acetaminophen 300 MG / hydrocodone bitartrate 7.5 MG Oral Tablet
856999	acetaminophen 325 MG / hydrocodone bitartrate 10 MG Oral Tablet
857002	acetaminophen 325 MG / hydrocodone bitartrate 5 MG Oral Tablet
857004	acetaminophen 325 MG / hydrocodone bitartrate 5 MG Oral Tablet [Norco]
857005	acetaminophen 325 MG / hydrocodone bitartrate 7.5 MG Oral Tablet
857007	acetaminophen 325 MG / hydrocodone bitartrate 7.5 MG Oral Tablet [Norco]
857076	acetaminophen 33.3 MG/ML / hydrocodone bitartrate 0.333 MG/ML Oral Solution
857083	acetaminophen 650 MG / hydrocodone bitartrate 7.5 MG Oral Tablet
857099	acetaminophen 33.3 MG/ML / hydrocodone bitartrate 0.5 MG/ML Oral Solution
857107	acetaminophen 500 MG / hydrocodone bitartrate 10 MG Oral Tablet
857111	acetaminophen 500 MG / hydrocodone bitartrate 2.5 MG Oral Tablet
857118	acetaminophen 500 MG / hydrocodone bitartrate 7.5 MG Oral Tablet
857121	aspirin 500 MG / hydrocodone bitartrate 5 MG Oral Tablet
857128	acetaminophen 400 MG / hydrocodone bitartrate 10 MG Oral Tablet
857131	acetaminophen 400 MG / hydrocodone bitartrate 5 MG Oral Tablet
857134	acetaminophen 400 MG / hydrocodone bitartrate 7.5 MG Oral Tablet
857237	pentazocine 30 MG/ML Injectable Solution [Talwin]
857383	acetaminophen 650 MG / hydrocodone bitartrate 10 MG Oral Tablet
857391	acetaminophen 325 MG / hydrocodone bitartrate 2.5 MG Oral Tablet
857501	acetaminophen 556 MG / hydrocodone bitartrate 5 MG Oral Tablet
857512	12 HR chlorpheniramine polistirex 8 MG / hydrocodone polistirex 10 MG Extended Release Oral Capsule
858087	fentanyl 1.2 MG Buccal Film
858092	fentanyl 0.2 MG Buccal Film
858095	fentanyl 0.4 MG Buccal Film
858098	fentanyl 0.6 MG Buccal Film
858101	fentanyl 0.8 MG Buccal Film
858770	hydrocodone bitartrate 2.5 MG / ibuprofen 200 MG Oral Tablet
858772	hydrocodone bitartrate 2.5 MG / ibuprofen 200 MG Oral Tablet [Reprexain]
858778	hydrocodone bitartrate 5 MG / ibuprofen 200 MG Oral Tablet
858780	hydrocodone bitartrate 5 MG / ibuprofen 200 MG Oral Tablet [Ibudone]
858798	hydrocodone bitartrate 7.5 MG / ibuprofen 200 MG Oral Tablet
858838	hydrocodone bitartrate 7.5 MG / ibuprofen 200 MG Oral Tablet [Vicoprofen]
858967	guaiacolsulfonate 60 MG/ML / hydrocodone bitartrate 0.9 MG/ML Oral Solution
859315	hydrocodone bitartrate 10 MG / ibuprofen 200 MG Oral Tablet
859317	hydrocodone bitartrate 10 MG / ibuprofen 200 MG Oral Tablet [Ibudone]
859383	guaifenesin 40 MG/ML / hydrocodone bitartrate 0.5 MG/ML Oral Solution
860599	hydrocodone bitartrate 7.5 MG Oral Tablet
860792	1 ML meperidine hydrochloride 75 MG/ML Cartridge
861447	meperidine hydrochloride 10 MG/ML Injectable Solution
861455	meperidine hydrochloride 100 MG Oral Tablet
861459	meperidine hydrochloride 100 MG/ML Injectable Solution
861463	meperidine hydrochloride 50 MG/ML Injectable Solution
861467	meperidine hydrochloride 50 MG Oral Tablet
861473	1 ML meperidine hydrochloride 50 MG/ML Cartridge
861476	1 ML meperidine hydrochloride 25 MG/ML Injection
861479	meperidine hydrochloride 10 MG/ML Oral Solution
861482	1 ML meperidine hydrochloride 75 MG/ML Injection
861493	1 ML meperidine hydrochloride 100 MG/ML Cartridge
861494	1 ML meperidine hydrochloride 25 MG/ML Cartridge
861517	meperidine hydrochloride 100 MG Oral Tablet [Demerol]
861520	meperidine hydrochloride 100 MG/ML Injectable Solution [Demerol]
861522	meperidine hydrochloride 50 MG/ML Injectable Solution [Demerol]
861525	meperidine hydrochloride 50 MG Oral Tablet [Demerol]
861529	1 ML meperidine hydrochloride 50 MG/ML Cartridge [Demerol]
861578	meperidine hydrochloride 50 MG / promethazine hydrochloride 25 MG Oral Capsule
861617	1 ML meperidine hydrochloride 75 MG/ML Cartridge [Demerol]
863845	Abuse-Deterrent morphine sulfate 100 MG / naltrexone hydrochloride 4 MG Extended Release Oral Capsule
863848	Abuse-Deterrent morphine sulfate 20 MG / naltrexone hydrochloride 0.8 MG Extended Release Oral Capsule
863850	Abuse-Deterrent morphine sulfate 30 MG / naltrexone hydrochloride 1.2 MG Extended Release Oral Capsule
863852	Abuse-Deterrent morphine sulfate 50 MG / naltrexone hydrochloride 2 MG Extended Release Oral Capsule
863854	Abuse-Deterrent morphine sulfate 60 MG / naltrexone hydrochloride 2.4 MG Extended Release Oral Capsule
863856	Abuse-Deterrent morphine sulfate 80 MG / naltrexone hydrochloride 3.2 MG Extended Release Oral Capsule
864706	methadone hydrochloride 10 MG Oral Tablet
864708	methadone hydrochloride 10 MG Oral Tablet [Dolophine]
864712	methadone hydrochloride 10 MG Oral Tablet [Methadose]
864714	methadone hydrochloride 10 MG/ML Injectable Solution
864718	methadone hydrochloride 5 MG Oral Tablet
864720	methadone hydrochloride 5 MG Oral Tablet [Dolophine]
864737	methadone hydrochloride 5 MG Oral Tablet [Methadose]
864761	methadone hydrochloride 1 MG/ML Oral Solution
864769	methadone hydrochloride 2 MG/ML Oral Solution
864826	methadone hydrochloride 5 MG/ML Oral Solution
864978	methadone hydrochloride 40 MG Tablet for Oral Suspension
864980	methadone hydrochloride 40 MG Tablet for Oral Suspension [Methadose]
864984	methadone hydrochloride 20 MG/ML Oral Solution
886622	butorphanol tartrate 2 MG/ML Injectable Solution
886627	1 ML butorphanol tartrate 1 MG/ML Injection
886634	butorphanol tartrate 1 MG/ACTUAT Metered Dose Nasal Spray
891874	morphine sulfate 100 MG Extended Release Oral Tablet
891881	morphine sulfate 15 MG Extended Release Oral Tablet
891888	morphine sulfate 30 MG Extended Release Oral Tablet
891893	morphine sulfate 60 MG Extended Release Oral Tablet
892297	24 HR morphine sulfate 120 MG Extended Release Oral Capsule
892342	24 HR morphine sulfate 30 MG Extended Release Oral Capsule
892345	morphine sulfate 30 MG Extended Release Oral Capsule
892349	24 HR morphine sulfate 60 MG Extended Release Oral Capsule
892352	morphine sulfate 60 MG Extended Release Oral Capsule
892355	24 HR morphine sulfate 90 MG Extended Release Oral Capsule
892473	10 ML morphine sulfate 0.5 MG/ML Injection [Duramorph]
892489	10 ML morphine sulfate 1 MG/ML Injection [Duramorph]
892494	morphine sulfate 10 MG Extended Release Oral Capsule
892496	morphine sulfate 10 MG Extended Release Oral Capsule [Kadian]
892516	morphine sulfate 10 MG Rectal Suppository
892531	morphine sulfate 10 MG/ML Injectable Solution
892554	morphine sulfate 100 MG Extended Release Oral Capsule
892556	morphine sulfate 100 MG Extended Release Oral Capsule [Kadian]
892560	morphine sulfate 100 MG Extended Release Oral Tablet [MS Contin]
892574	morphine sulfate 15 MG Extended Release Oral Tablet [MS Contin]
892579	morphine sulfate 15 MG Oral Capsule
892582	morphine sulfate 15 MG Oral Tablet
892589	morphine sulfate 2 MG/ML Oral Solution
892596	morphine sulfate 20 MG Extended Release Oral Capsule
892598	morphine sulfate 20 MG Extended Release Oral Capsule [Kadian]
892603	morphine sulfate 20 MG Rectal Suppository
892625	morphine sulfate 20 MG/ML Oral Solution
892643	morphine sulfate 200 MG Extended Release Oral Capsule
892646	morphine sulfate 200 MG Extended Release Oral Tablet
892648	morphine sulfate 200 MG Extended Release Oral Tablet [MS Contin]
892652	20 ML morphine sulfate 25 MG/ML Injection [Infumorph]
892658	morphine sulfate 30 MG Extended Release Oral Capsule [Kadian]
892660	morphine sulfate 30 MG Extended Release Oral Tablet [MS Contin]
892669	morphine sulfate 30 MG Oral Capsule
892672	morphine sulfate 30 MG Oral Tablet
892678	morphine sulfate 30 MG Rectal Suppository
894780	morphine sulfate 4 MG/ML Oral Solution
894801	morphine sulfate 50 MG Extended Release Oral Capsule
894803	morphine sulfate 50 MG Extended Release Oral Capsule [Kadian]
894805	morphine sulfate 60 MG Extended Release Oral Capsule [Kadian]
894807	morphine sulfate 5 MG Rectal Suppository
894813	morphine sulfate 60 MG Extended Release Oral Tablet [MS Contin]
894814	morphine sulfate 80 MG Extended Release Oral Capsule
894911	0.7 ML morphine sulfate 14.3 MG/ML Auto-Injector
894912	1 ML morphine sulfate 10 MG/ML Prefilled Syringe
894914	1 ML morphine sulfate 8 MG/ML Prefilled Syringe
894942	24 HR morphine sulfate 45 MG Extended Release Oral Capsule
894970	24 HR morphine sulfate 75 MG Extended Release Oral Capsule
895014	morphine sulfate 10 MG Oral Tablet
895016	morphine sulfate 10 MG/ML Oral Solution
895022	morphine sulfate 100 MG Rectal Suppository
895185	morphine sulfate 15 MG Rectal Suppository
895194	morphine sulfate 15 MG/ML Injectable Solution
895199	morphine sulfate 2 MG/ML Oral Suspension
895201	morphine sulfate 20 MG Oral Tablet
895202	morphine sulfate 20 MG/ML Injectable Solution
895206	morphine sulfate 200 MG Oral Tablet
895208	morphine sulfate 3 MG/ML Oral Suspension
895213	morphine sulfate 30 MG/ML Injectable Solution
895215	morphine sulfate 35 MG Rectal Suppository
895217	morphine sulfate 5 MG Extended Release Oral Tablet
895219	morphine sulfate 5 MG/ML Oral Suspension
895221	morphine sulfate 50 MG Oral Tablet
895227	morphine sulfate 50 MG Rectal Suppository
895238	morphine sulfate 6 MG/ML Oral Solution
895240	morphine sulfate 6.67 MG/ML Oral Suspension
895247	morphine sulfate 60 MG Oral Tablet
895248	morphine sulfate 75 MG Rectal Suppository
895975	morphine sulfate liposomal 10 MG/ML Injectable Solution
897653	1 ML hydromorphone hydrochloride 1 MG/ML Injection
897657	hydromorphone hydrochloride 1 MG/ML Oral Solution
897658	hydromorphone hydrochloride 1 MG/ML Oral Solution [Dilaudid]
897696	hydromorphone hydrochloride 2 MG Oral Tablet
897698	hydromorphone hydrochloride 2 MG Oral Tablet [Dilaudid]
897702	hydromorphone hydrochloride 4 MG Oral Tablet
897704	hydromorphone hydrochloride 4 MG Oral Tablet [Dilaudid]
897710	hydromorphone hydrochloride 8 MG Oral Tablet
897712	hydromorphone hydrochloride 8 MG Oral Tablet [Dilaudid]
897745	hydromorphone hydrochloride 2 MG/ML Injectable Solution
897749	hydromorphone hydrochloride 3 MG Rectal Suppository
897753	1 ML hydromorphone hydrochloride 4 MG/ML Injection
897756	1 ML hydromorphone hydrochloride 1 MG/ML Prefilled Syringe
897757	1 ML hydromorphone hydrochloride 2 MG/ML Prefilled Syringe
897758	1 ML hydromorphone hydrochloride 4 MG/ML Cartridge
897771	hydromorphone hydrochloride 1 MG Oral Tablet
898004	hydromorphone hydrochloride 1.3 MG Oral Capsule
898138	hydromorphone hydrochloride 2.6 MG Oral Capsule
898139	hydromorphone hydrochloride 3 MG Oral Tablet
898611	12 HR hydromorphone hydrochloride 2 MG Extended Release Oral Capsule
898614	12 HR hydromorphone hydrochloride 4 MG Extended Release Oral Capsule
898618	12 HR hydromorphone hydrochloride 8 MG Extended Release Oral Capsule
902729	24 HR hydromorphone hydrochloride 12 MG Extended Release Oral Tablet
902736	24 HR hydromorphone hydrochloride 16 MG Extended Release Oral Tablet
902741	24 HR hydromorphone hydrochloride 8 MG Extended Release Oral Tablet
904415	nalbuphine hydrochloride 10 MG/ML Injectable Solution
904440	nalbuphine hydrochloride 20 MG/ML Injectable Solution
904870	168 HR buprenorphine 0.01 MG/HR Transdermal System
904874	168 HR buprenorphine 0.01 MG/HR Transdermal System [BuTrans]
904876	168 HR buprenorphine 0.02 MG/HR Transdermal System
904878	168 HR buprenorphine 0.02 MG/HR Transdermal System [BuTrans]
904880	168 HR buprenorphine 0.005 MG/HR Transdermal System
904882	168 HR buprenorphine 0.005 MG/HR Transdermal System [BuTrans]
977874	12 HR oxymorphone hydrochloride 10 MG Extended Release Oral Tablet
977894	12 HR oxymorphone hydrochloride 15 MG Extended Release Oral Tablet
977902	12 HR oxymorphone hydrochloride 20 MG Extended Release Oral Tablet
977909	12 HR oxymorphone hydrochloride 30 MG Extended Release Oral Tablet
977915	12 HR oxymorphone hydrochloride 40 MG Extended Release Oral Tablet
977923	12 HR oxymorphone hydrochloride 5 MG Extended Release Oral Tablet
977929	12 HR oxymorphone hydrochloride 7.5 MG Extended Release Oral Tablet
977939	oxymorphone hydrochloride 5 MG Oral Tablet
977942	oxymorphone hydrochloride 10 MG Oral Tablet
991147	methadone hydrochloride 10 MG/ML Oral Solution
991149	methadone hydrochloride 10 MG/ML Oral Solution [Methadose]
991486	codeine phosphate 2 MG/ML / promethazine hydrochloride 1.25 MG/ML Oral Solution
992656	homatropine methylbromide 1.5 MG / hydrocodone bitartrate 5 MG Oral Tablet
992668	homatropine methylbromide 0.3 MG/ML / hydrocodone bitartrate 1 MG/ML Oral Solution
993755	acetaminophen 24 MG/ML / codeine phosphate 2.4 MG/ML Oral Solution
993770	acetaminophen 300 MG / codeine phosphate 15 MG Oral Tablet
993781	acetaminophen 300 MG / codeine phosphate 30 MG Oral Tablet
993837	acetaminophen 300 MG / codeine phosphate 30 MG Oral Tablet [Tylenol with Codeine]
993890	acetaminophen 300 MG / codeine phosphate 60 MG Oral Tablet
993892	acetaminophen 300 MG / codeine phosphate 60 MG Oral Tablet [Tylenol with Codeine]
993943	acetaminophen 325 MG / butalbital 50 MG / caffeine 40 MG / codeine phosphate 30 MG Oral Capsule
994043	acetaminophen 500 MG / codeine phosphate 15 MG Oral Tablet
994046	acetaminophen 500 MG / codeine phosphate 30 MG Oral Tablet
994226	aspirin 325 MG / carisoprodol 200 MG / codeine phosphate 16 MG Oral Tablet
994237	aspirin 325 MG / butalbital 50 MG / caffeine 40 MG / codeine phosphate 30 MG Oral Capsule
994239	aspirin 325 MG / butalbital 50 MG / caffeine 40 MG / codeine phosphate 30 MG Oral Capsule [Ascomp]
994289	brompheniramine maleate 0.27 MG/ML / codeine phosphate 1.27 MG/ML / pseudoephedrine hydrochloride 2 MG/ML Oral Solution
994402	brompheniramine maleate 0.4 MG/ML / codeine phosphate 1.5 MG/ML / pseudoephedrine hydrochloride 6 MG/ML Oral Solution
995041	chlorpheniramine maleate 0.2 MG/ML / codeine phosphate 1 MG/ML / pseudoephedrine hydrochloride 3 MG/ML Oral Suspension
995062	chlorpheniramine maleate 0.2 MG/ML / codeine phosphate 1 MG/ML Oral Suspension
995065	chlorpheniramine maleate 0.222 MG/ML / codeine phosphate 1 MG/ML / pseudoephedrine hydrochloride 3.33 MG/ML Oral Suspension
995068	chlorpheniramine maleate 0.222 MG/ML / codeine phosphate 1 MG/ML Oral Suspension
995071	chlorpheniramine maleate 0.25 MG/ML / codeine phosphate 1 MG/ML Oral Suspension
995075	chlorpheniramine maleate 0.25 MG/ML / codeine phosphate 1 MG/ML / pseudoephedrine hydrochloride 0.375 MG/ML Oral Suspension
995079	chlorpheniramine maleate 0.266 MG/ML / codeine phosphate 1 MG/ML / pseudoephedrine hydrochloride 4 MG/ML Oral Suspension
995082	chlorpheniramine maleate 0.267 MG/ML / codeine phosphate 1 MG/ML Oral Suspension
995086	chlorpheniramine maleate 0.286 MG/ML / codeine phosphate 1 MG/ML / pseudoephedrine hydrochloride 4.29 MG/ML Oral Suspension
995093	chlorpheniramine maleate 0.286 MG/ML / codeine phosphate 1 MG/ML Oral Suspension
995108	chlorpheniramine maleate 0.333 MG/ML / codeine phosphate 1 MG/ML / pseudoephedrine hydrochloride 5 MG/ML Oral Suspension
995116	chlorpheniramine maleate 0.333 MG/ML / codeine phosphate 1 MG/ML Oral Suspension
995120	chlorpheniramine maleate 0.4 MG/ML / codeine phosphate 1 MG/ML / pseudoephedrine hydrochloride 6 MG/ML Oral Suspension
995123	chlorpheniramine maleate 0.4 MG/ML / codeine phosphate 1 MG/ML Oral Suspension
995128	chlorpheniramine maleate 0.4 MG/ML / codeine phosphate 1.8 MG/ML Oral Solution
995226	codeine phosphate 0.5 MG/ML / guaifenesin 15 MG/ML Oral Solution
995438	codeine phosphate 1.26 MG/ML / guaifenesin 20 MG/ML Oral Solution
995441	codeine phosphate 1.5 MG/ML / guaifenesin 45 MG/ML Oral Solution
995450	codeine phosphate 10 MG / guaifenesin 300 MG Oral Tablet
995483	codeine phosphate 2 MG/ML / guaifenesin 40 MG/ML Oral Solution
995868	codeine phosphate 2 MG/ML / guaifenesin 20 MG/ML Oral Solution
995983	codeine phosphate 2 MG/ML / guaifenesin 20 MG/ML / pseudoephedrine hydrochloride 6 MG/ML Oral Solution
996512	codeine phosphate 2 MG/ML / guaifenesin 60 MG/ML Oral Solution
996580	codeine phosphate 2 MG/ML / phenylephrine hydrochloride 1 MG/ML / pyrilamine maleate 1 MG/ML Oral Solution
996655	codeine phosphate 2 MG/ML / pseudoephedrine hydrochloride 6 MG/ML Oral Solution
996706	codeine phosphate 20 MG / guaifenesin 400 MG / phenylephrine hydrochloride 10 MG Oral Tablet
996710	codeine phosphate 20 MG / guaifenesin 400 MG / pseudoephedrine hydrochloride 20 MG Oral Tablet
996714	codeine phosphate 20 MG / guaifenesin 400 MG / pseudoephedrine hydrochloride 30 MG Oral Tablet
996725	codeine phosphate 20 MG / guaifenesin 400 MG Oral Tablet
996728	codeine phosphate 20 MG / pseudoephedrine hydrochloride 60 MG Oral Capsule
996734	codeine phosphate 5 MG/ML Oral Solution
996736	codeine phosphate 9 MG / guaifenesin 200 MG Oral Capsule
996757	codeine phosphate 2 MG/ML / phenylephrine hydrochloride 1 MG/ML / promethazine hydrochloride 1.25 MG/ML Oral Solution
996976	acetaminophen 500 MG / codeine phosphate 12.8 MG Oral Tablet
996978	acetaminophen 500 MG / codeine phosphate 13.5 MG Oral Tablet
996979	acetaminophen 500 MG / codeine phosphate 30 MG Oral Capsule
996981	acetaminophen 500 MG / codeine phosphate 8 MG Oral Capsule
996982	acetaminophen 500 MG / codeine phosphate 8 MG Oral Tablet
996988	aspirin 300 MG / codeine phosphate 8 MG Oral Tablet
996991	aspirin 325 MG / codeine phosphate 30 MG Oral Tablet
996994	aspirin 325 MG / codeine phosphate 60 MG Oral Tablet
996998	brompheniramine maleate 0.266 MG/ML / codeine phosphate 1.27 MG/ML / phenylephrine hydrochloride 0.666 MG/ML Oral Solution
997019	codeine phosphate 1 MG/ML / kaolin 300 MG/ML Oral Suspension
997164	codeine phosphate 12.5 MG / ibuprofen 200 MG Oral Tablet
997165	codeine phosphate 12.8 MG / ibuprofen 200 MG Oral Tablet
997169	codeine phosphate 15 MG Oral Tablet
997170	codeine sulfate 15 MG Oral Tablet
997280	codeine phosphate 20 MG / ibuprofen 300 MG Extended Release Oral Tablet
997284	codeine phosphate 3 MG/ML Oral Solution
997285	codeine phosphate 30 MG Oral Tablet
997287	codeine sulfate 30 MG Oral Tablet
997296	codeine sulfate 60 MG Oral Tablet
997301	codeine phosphate 60 MG Oral Tablet
997303	codeine phosphate 60 MG/ML Injectable Solution
998212	1 ML morphine sulfate 2 MG/ML Prefilled Syringe
998213	1 ML morphine sulfate 4 MG/ML Prefilled Syringe